Timestamp,JX,JY,B1_Dur,B2_Dur,Grip,Pitch,Roll,FSR_L_KG,FSR_R_KG,FSR_L_Newton,FSR_R_Newton,Fatigue_Live_KG,Vib_Active,Servo_Angle,Tremor_Flag,Tremor_Var,UI_Mode,FS_Up,FS_Down,FS_Left,FS_Right,FS_Trigger,FS_Thumb
1782462784.636,0,0,0,0,0,0.2,-1.01,0.0,0.0,0.0,0.0,0.0,0,90,0,0.0,0,False,False,False,False,False,False
1782462784.66,0,0,0,0,0,0.76,-3.7,0.0,0.0,0.0,0.0,0.0,0,90,0,0.0,0,False,False,False,False,False,False
1782462784.683,0,0,0,0,0,1.3,-6.26,0.0,0.0,0.0,0.0,0.0,0,90,0,0.0,0,False,False,False,False,False,False
1782462784.707,0,0,0,0,0,1.53,-7.28,0.0,0.0,0.0,0.0,0.0,0,90,0,0.0,0,False,False,False,False,False,False
1782462784.731,0,0,0,0,0,1.53,-7.34,0.0,0.0,0.0,0.0,0.0,0,90,0,0.0,0,False,False,False,False,False,False
1782462784.755,0,0,0,0,0,1.47,-7.14,0.0,0.0,0.0,0.0,0.0,0,90,0,0.0,0,False,False,False,False,False,False
1782462784.778,0,0,0,0,0,1.43,-6.97,0.0,0.0,0.0,0.0,0.0,0,90,0,0.0,0,False,False,False,False,False,False
1782462784.801,0,0,0,0,0,1.41,-6.89,0.0,0.0,0.0,0.0,0.0,0,90,0,0.0,0,False,False,False,False,False,False
1782462784.825,0,0,0,0,0,1.4,-6.91,0.0,0.0,0.0,0.0,0.0,0,90,0,0.0,0,False,False,False,False,False,False
1782462784.848,0,0,0,0,0,1.41,-6.92,0.0,0.0,0.0,0.0,0.0,0,90,0,0.0,0,False,False,False,False,False,False
1782462784.872,0,0,0,0,0,1.43,-6.87,0.0,0.0,0.0,0.0,0.0,0,90,0,0.0,0,False,False,False,False,False,False
1782462784.895,0,0,0,0,0,1.48,-6.85,0.0,0.0,0.0,0.0,0.0,0,90,0,0.0,0,False,False,False,False,False,False
1782462784.919,0,0,0,0,0,1.56,-6.84,0.0,0.0,0.0,0.0,0.0,0,90,0,0.0,0,False,False,False,False,False,False
1782462784.943,0,0,0,0,0,1.63,-6.37,0.0,0.0,0.0,0.0,0.0,0,90,0,0.0,0,False,False,False,False,False,False
1782462784.966,0,0,0,0,0,1.67,-5.09,0.0,0.0,0.0,0.0,0.0,0,90,0,0.0,0,False,False,False,False,False,False
1782462784.99,0,0,0,0,0,1.66,-3.68,0.0,0.0,0.0,0.0,0.0,0,90,0,0.0,0,False,False,False,False,False,False
1782462785.012,0,0,0,0,0,1.6,-2.66,0.0,0.0,0.0,0.0,0.0,0,90,0,0.0,0,False,False,False,False,False,False
1782462785.037,0,0,0,0,0,1.49,-1.93,0.0,0.0,0.0,0.0,0.0,0,90,0,0.0,0,False,False,False,False,False,False
1782462785.06,0,0,0,0,0,1.37,-1.35,0.0,0.0,0.0,0.0,0.0,0,90,0,0.0,0,False,False,False,False,False,False
1782462785.084,0,0,0,0,0,1.32,-0.89,0.0,0.0,0.0,0.0,0.0,0,90,0,0.0,0,False,False,False,False,False,False
1782462785.108,0,0,0,0,0,1.32,-0.51,0.0,0.0,0.0,0.0,0.0,0,90,0,0.0,0,False,False,False,False,False,False
1782462785.131,0,0,0,0,0,1.25,-0.13,0.0,0.0,0.0,0.0,0.0,0,90,0,0.0,0,False,False,False,False,False,False
1782462785.155,0,0,0,0,0,1.14,0.35,0.0,0.0,0.0,0.0,0.0,0,90,0,0.0,0,False,False,False,False,False,False
1782462785.178,0,0,0,0,0,1.04,0.92,0.0,0.0,0.0,0.0,0.0,0,90,0,0.0,0,False,False,False,False,False,False
1782462785.202,0,0,0,0,0,0.82,1.54,0.0,0.0,0.0,0.0,0.0,0,90,0,0.0,0,False,False,False,False,False,False
1782462785.225,0,0,0,0,0,0.53,2.19,0.0,0.0,0.0,0.0,0.0,0,90,0,0.0,0,False,False,False,False,False,False
1782462785.248,0,0,0,0,0,0.33,2.84,0.0,0.0,0.0,0.0,0.0,0,90,0,0.0,0,False,False,False,False,False,False
1782462785.272,0,0,0,0,0,0.22,3.43,0.0,0.0,0.0,0.0,0.0,0,90,0,0.0,0,False,False,False,False,False,False
1782462785.296,0,0,0,0,0,0.17,3.91,0.0,0.0,0.0,0.0,0.0,0,90,0,0.0,0,False,False,False,False,False,False
1782462785.318,0,0,0,0,0,0.15,4.21,0.0,0.0,0.0,0.0,0.0,0,90,0,0.0,0,False,False,False,False,False,False
1782462785.342,0,0,0,0,0,0.15,4.31,0.0,0.0,0.0,0.0,0.0,0,90,0,0.0,0,False,False,False,False,False,False
1782462785.365,0,0,0,0,0,0.16,4.27,0.0,0.0,0.0,0.0,0.0,0,90,0,0.0,0,False,False,False,False,False,False
1782462785.388,0,0,0,0,0,0.18,4.16,0.0,0.0,0.0,0.0,0.0,0,90,0,0.0,0,False,False,False,False,False,False
1782462785.412,0,0,0,0,0,0.19,4.05,0.0,0.0,0.0,0.0,0.0,0,90,0,0.0,0,False,False,False,False,False,False
1782462785.435,0,0,0,0,0,0.2,3.95,0.0,0.0,0.0,0.0,0.0,0,90,0,0.0,0,False,False,False,False,False,False
1782462785.459,0,0,0,0,0,0.2,3.86,0.0,0.0,0.0,0.0,0.0,0,90,0,0.0,0,False,False,False,False,False,False
1782462785.482,0,0,0,0,0,0.21,3.78,0.0,0.0,0.0,0.0,0.0,0,90,0,0.0,0,False,False,False,False,False,False
1782462785.506,0,0,0,0,0,0.22,3.7,0.0,0.0,0.0,0.0,0.0,0,90,0,0.0,0,False,False,False,False,False,False
1782462785.529,0,0,0,0,0,0.22,3.6,0.0,0.0,0.0,0.0,0.0,0,90,0,0.0,0,False,False,False,False,False,False
1782462785.553,0,0,0,0,0,0.23,3.5,0.0,0.0,0.0,0.0,0.0,0,90,0,0.0,0,False,False,False,False,False,False
1782462785.576,0,0,0,0,0,0.29,3.41,0.0,0.0,0.0,0.0,0.0,0,90,0,0.0,0,False,False,False,False,False,False
1782462785.6,0,0,0,0,0,0.34,3.32,0.0,0.0,0.0,0.0,0.0,0,90,0,0.0,0,False,False,False,False,False,False
1782462785.623,0,0,0,0,0,0.37,3.22,0.0,0.0,0.0,0.0,0.0,0,90,0,0.0,0,False,False,False,False,False,False
1782462785.647,0,0,0,0,0,0.38,3.12,0.0,0.0,0.0,0.0,0.0,0,90,0,0.0,0,False,False,False,False,False,False
1782462785.671,0,0,0,0,0,0.38,3.02,0.0,0.0,0.0,0.0,0.0,0,90,0,0.0,0,False,False,False,False,False,False
1782462785.694,0,0,0,0,0,0.39,2.92,0.0,0.0,0.0,0.0,0.0,0,90,0,0.0,0,False,False,False,False,False,False
1782462785.718,0,0,0,0,0,0.4,2.82,0.0,0.0,0.0,0.0,0.0,0,90,0,0.0,0,False,False,False,False,False,False
1782462785.742,0,0,0,0,0,0.41,2.73,0.0,0.0,0.0,0.0,0.0,0,90,0,0.0,0,False,False,False,False,False,False
1782462785.765,0,0,0,0,0,0.42,2.63,0.0,0.0,0.0,0.0,0.0,0,90,0,0.0,0,False,False,False,False,False,False
1782462785.789,0,0,0,0,0,0.43,2.54,0.0,0.0,0.0,0.0,0.0,0,90,0,0.0,0,False,False,False,False,False,False
1782462785.812,0,0,0,0,0,0.44,2.44,0.0,0.0,0.0,0.0,0.0,0,90,0,0.0,0,False,False,False,False,False,False
1782462785.836,0,0,0,0,0,0.45,2.34,0.0,0.0,0.0,0.0,0.0,0,90,0,0.0,0,False,False,False,False,False,False
1782462785.86,0,0,0,0,0,0.46,2.25,0.0,0.0,0.0,0.0,0.0,0,90,0,0.0,0,False,False,False,False,False,False
1782462785.884,0,0,0,0,0,0.47,2.15,0.0,0.0,0.0,0.0,0.0,0,90,0,0.0,0,False,False,False,False,False,False
1782462785.907,0,0,0,0,0,0.47,2.06,0.0,0.0,0.0,0.0,0.0,0,90,0,0.0,0,False,False,False,False,False,False
1782462785.93,0,0,0,0,0,0.48,1.96,0.0,0.0,0.0,0.0,0.0,0,90,0,0.0,0,False,False,False,False,False,False
1782462785.954,0,0,0,0,0,0.49,1.87,0.0,0.0,0.0,0.0,0.0,0,90,0,0.0,0,False,False,False,False,False,False
1782462785.978,0,0,0,0,0,0.5,1.77,0.0,0.0,0.0,0.0,0.0,0,90,0,0.0,0,False,False,False,False,False,False
1782462786.002,0,0,0,0,0,0.51,1.67,0.0,0.0,0.0,0.0,0.0,0,90,0,0.0,0,False,False,False,False,False,False
1782462786.026,0,0,0,0,0,0.52,1.58,0.0,0.0,0.0,0.0,0.0,0,90,0,0.27,0,False,False,False,False,False,False
1782462786.05,0,0,0,0,0,0.53,1.48,0.0,0.0,0.0,0.0,0.0,0,90,0,0.27,0,False,False,False,False,False,False
1782462786.073,0,0,0,0,0,0.54,1.39,0.0,0.0,0.0,0.0,0.0,0,90,0,0.26,0,False,False,False,False,False,False
1782462786.097,0,0,0,0,0,0.55,1.29,0.0,0.0,0.0,0.0,0.0,0,90,0,0.26,0,False,False,False,False,False,False
1782462786.119,0,0,0,0,0,0.55,1.19,0.0,0.0,0.0,0.0,0.0,0,90,0,0.25,0,False,False,False,False,False,False
1782462786.143,0,0,0,0,0,0.56,1.1,0.0,0.0,0.0,0.0,0.0,0,90,0,0.25,0,False,False,False,False,False,False
1782462786.168,0,0,0,0,0,0.57,1.01,0.0,0.0,0.0,0.0,0.0,0,90,0,0.25,0,False,False,False,False,False,False
1782462786.192,0,0,0,0,0,0.58,0.91,0.0,0.0,0.0,0.0,0.0,0,90,0,0.23,0,False,False,False,False,False,False
1782462786.214,0,0,0,0,0,0.59,0.81,0.0,0.0,0.0,0.0,0.0,0,90,0,0.2,0,False,False,False,False,False,False
1782462786.238,0,0,0,0,0,0.6,0.71,0.0,0.0,0.0,0.0,0.0,0,90,0,0.18,0,False,False,False,False,False,False
1782462786.262,0,0,0,0,0,0.61,0.61,0.0,0.0,0.0,0.0,0.0,0,90,0,0.18,0,False,False,False,False,False,False
1782462786.286,0,0,0,0,0,0.62,0.51,0.0,0.0,0.0,0.0,0.0,0,90,0,0.17,0,False,False,False,False,False,False
1782462786.311,0,0,0,0,0,0.63,0.42,0.0,0.0,0.0,0.0,0.0,0,90,0,0.15,0,False,False,False,False,False,False
1782462786.334,0,0,0,0,0,0.64,0.33,0.0,0.0,0.0,0.0,0.0,0,90,0,0.12,0,False,False,False,False,False,False
1782462786.357,0,0,0,0,0,0.65,0.23,0.0,0.0,0.0,0.0,0.0,0,90,0,0.11,0,False,False,False,False,False,False
1782462786.381,0,0,0,0,0,0.66,0.14,0.0,0.0,0.0,0.0,0.0,0,90,0,0.11,0,False,False,False,False,False,False
1782462786.404,0,0,0,0,0,0.67,0.04,0.0,0.0,0.0,0.0,0.0,0,90,0,0.1,0,False,False,False,False,False,False
1782462786.428,0,0,0,0,0,0.68,-0.06,0.0,0.0,0.0,0.0,0.0,0,90,0,0.09,0,False,False,False,False,False,False
1782462786.451,0,0,0,0,0,0.69,-0.15,0.0,0.0,0.0,0.0,0.0,0,90,0,0.07,0,False,False,False,False,False,False
1782462786.476,0,0,0,0,0,0.7,-0.25,0.0,0.0,0.0,0.0,0.0,0,90,0,0.07,0,False,False,False,False,False,False
1782462786.499,0,0,0,0,0,0.71,-0.35,0.0,0.0,0.0,0.0,0.0,0,90,0,0.07,0,False,False,False,False,False,False
1782462786.524,0,0,0,0,0,0.72,-0.45,0.0,0.0,0.0,0.0,0.0,0,90,0,0.06,0,False,False,False,False,False,False
1782462786.547,0,0,0,0,0,0.73,-0.54,0.0,0.0,0.0,0.0,0.0,0,90,0,0.05,0,False,False,False,False,False,False
1782462786.57,0,0,0,0,0,0.73,-0.64,0.0,0.0,0.0,0.0,0.0,0,90,0,0.04,0,False,False,False,False,False,False
1782462786.595,0,0,0,0,0,0.74,-0.73,0.0,0.0,0.0,0.0,0.0,0,90,0,0.04,0,False,False,False,False,False,False
1782462786.618,0,0,0,0,0,0.75,-0.83,0.0,0.0,0.0,0.0,0.0,0,90,0,0.04,0,False,False,False,False,False,False
1782462786.641,0,0,0,0,0,0.76,-0.92,0.0,0.0,0.0,0.0,0.0,0,90,0,0.04,0,False,False,False,False,False,False
1782462786.665,0,0,0,0,0,0.77,-1.02,0.0,0.0,0.0,0.0,0.0,0,90,0,0.03,0,False,False,False,False,False,False
1782462786.689,0,0,0,0,0,0.78,-1.12,0.0,0.0,0.0,0.0,0.0,0,90,0,0.02,0,False,False,False,False,False,False
1782462786.713,0,0,0,0,0,0.79,-1.22,0.0,0.0,0.0,0.0,0.0,0,90,0,0.02,0,False,False,False,False,False,False
1782462786.737,0,0,0,0,0,0.8,-1.31,0.0,0.0,0.0,0.0,0.0,0,90,0,0.02,0,False,False,False,False,False,False
1782462786.761,0,0,0,0,0,0.8,-1.39,0.0,0.0,0.0,0.0,0.0,0,90,0,0.02,0,False,False,False,False,False,False
1782462786.783,0,0,0,0,0,0.78,-1.38,0.0,0.0,0.0,0.0,0.0,0,90,0,0.02,0,False,False,False,False,False,False
1782462786.807,0,0,0,0,0,0.77,-1.19,0.0,0.0,0.0,0.0,0.0,0,90,0,0.01,0,False,False,False,False,False,False
1782462786.83,0,0,0,0,0,0.77,-1.0,0.0,0.0,0.0,0.0,0.0,0,90,0,0.01,0,False,False,False,False,False,False
1782462786.854,0,0,0,0,0,0.7,-0.98,0.0,0.0,0.0,0.0,0.0,0,90,0,0.01,0,False,False,False,False,False,False
1782462786.878,0,0,0,0,0,0.21,-1.25,0.0,0.0,0.0,0.0,0.0,0,90,0,0.01,0,False,False,False,False,False,False
1782462786.901,0,0,0,0,0,-0.71,-1.63,0.0,0.0,0.0,0.0,0.0,0,90,0,0.01,0,False,False,False,False,False,False
1782462786.925,0,0,0,0,0,-1.28,-1.61,0.0,0.0,0.0,0.0,0.0,0,90,0,0.01,0,False,False,False,False,False,False
1782462786.947,0,0,0,0,0,-1.07,-2.59,0.0,0.0,0.0,0.0,0.0,0,90,0,0.0,0,False,False,False,False,False,False
1782462786.972,0,0,0,0,0,-0.44,-6.13,0.0,0.0,0.0,0.0,0.0,0,90,0,0.01,0,False,False,False,False,False,False
1782462786.995,0,0,0,0,0,0.11,-10.34,0.0,0.0,0.0,0.0,0.0,0,90,0,0.01,0,False,False,False,False,False,False
1782462787.019,0,0,0,0,0,0.22,-12.96,0.0,0.0,0.0,0.0,0.0,0,90,0,0.02,0,False,False,False,False,False,False
1782462787.043,0,0,0,0,0,-0.13,-13.98,0.0,0.0,0.0,0.0,0.0,0,90,0,0.02,0,False,False,False,False,False,False
1782462787.066,0,0,0,0,0,-0.65,-14.27,0.0,0.0,0.0,0.0,0.0,0,90,0,0.03,0,False,False,False,False,False,False
1782462787.089,0,0,0,0,0,-1.05,-14.44,0.0,0.0,0.0,0.0,0.0,0,90,0,0.06,0,False,False,False,False,False,False
1782462787.111,0,0,0,0,0,-1.25,-14.64,0.0,0.0,0.0,0.0,0.0,0,90,0,0.12,0,False,False,False,False,False,False
1782462787.136,0,0,0,0,0,-1.26,-14.8,0.0,0.0,0.0,0.0,0.0,0,90,0,0.17,0,False,False,False,False,False,False
1782462787.16,0,0,0,0,0,-1.13,-14.88,0.0,0.0,0.0,0.0,0.0,0,90,0,0.18,0,False,False,False,False,False,False
1782462787.183,0,0,0,0,0,-0.92,-14.97,0.0,0.0,0.0,0.0,0.0,0,90,0,0.18,0,False,False,False,False,False,False
1782462787.208,0,0,0,0,0,-0.66,-15.05,0.0,0.0,0.0,0.0,0.0,0,90,0,0.21,0,False,False,False,False,False,False
1782462787.232,0,0,0,0,0,-0.38,-15.14,0.0,0.0,0.0,0.0,0.0,0,90,0,0.27,0,False,False,False,False,False,False
1782462787.256,0,0,0,0,0,-0.13,-15.41,0.0,0.0,0.0,0.0,0.0,0,90,1,0.31,0,False,False,False,False,False,False
1782462787.28,0,0,0,0,0,0.05,-15.75,0.0,0.0,0.0,0.0,0.0,0,90,1,0.33,0,False,False,False,False,False,False
1782462787.303,0,0,0,0,0,0.16,-16.02,0.0,0.0,0.0,0.0,0.0,0,90,1,0.33,0,False,False,False,False,False,False
1782462787.327,0,0,0,0,0,0.23,-16.31,0.0,0.0,0.0,0.0,0.0,0,90,1,0.33,0,False,False,False,False,False,False
1782462787.351,0,0,0,0,0,0.33,-16.68,0.0,0.0,0.0,0.0,0.0,0,90,1,0.35,0,False,False,False,False,False,False
1782462787.375,0,0,0,0,0,0.41,-17.2,0.0,0.0,0.0,0.0,0.0,0,90,1,0.36,0,False,False,False,False,False,False
1782462787.4,0,0,0,0,0,0.51,-17.88,0.0,0.0,0.0,0.0,0.0,0,90,1,0.37,0,False,False,False,False,False,False
1782462787.42,0,0,0,0,0,0.8,-18.67,0.0,0.0,0.0,0.0,0.0,0,90,1,0.37,0,False,False,False,False,False,False
1782462787.443,0,0,0,0,0,1.19,-19.59,0.0,0.0,0.0,0.0,0.0,0,90,1,0.37,0,False,False,False,False,False,False
1782462787.467,0,0,0,0,0,1.56,-20.71,0.0,0.0,0.0,0.0,0.0,0,90,1,0.38,0,False,False,False,False,False,False
1782462787.491,0,0,0,0,0,2.01,-22.1,0.0,0.0,0.0,0.0,0.0,0,90,1,0.38,0,False,False,False,False,False,False
1782462787.514,0,0,0,0,0,2.34,-23.71,0.0,0.0,0.0,0.0,0.0,0,90,1,0.38,0,False,False,False,False,False,False
1782462787.538,0,0,0,0,0,2.67,-25.43,0.0,0.0,0.0,0.0,0.0,0,90,1,0.39,0,False,False,False,False,False,False
1782462787.562,0,0,0,0,0,3.72,-27.16,0.0,0.0,0.0,0.0,0.0,0,90,1,0.39,0,False,False,False,False,False,False
1782462787.584,0,0,0,0,0,5.19,-28.81,0.0,0.0,0.0,0.0,0.0,0,90,1,0.39,0,False,False,False,False,False,False
1782462787.61,0,0,0,0,0,6.35,-30.36,0.0,0.0,0.0,0.0,0.0,0,90,1,0.39,0,False,False,False,False,False,False
1782462787.633,0,0,0,0,0,7.11,-31.77,0.0,0.0,0.0,0.0,0.0,0,90,1,0.39,0,False,False,False,False,False,False
1782462787.658,0,0,0,0,0,7.6,-33.0,0.0,0.0,0.0,0.0,0.0,0,90,1,0.39,0,False,False,False,False,False,False
1782462787.676,0,0,0,0,0,7.96,-34.02,0.0,0.0,0.0,0.0,0.0,0,90,1,0.4,0,False,False,False,False,False,False
1782462787.701,0,0,0,0,0,8.26,-34.85,0.0,0.0,0.0,0.0,0.0,0,90,1,0.4,0,False,False,False,False,False,False
1782462787.724,0,0,0,0,0,8.58,-35.6,0.0,0.0,0.0,0.0,0.0,0,90,1,0.4,0,False,False,False,False,False,False
1782462787.748,0,0,0,0,0,8.93,-36.3,0.0,0.0,0.0,0.0,0.0,0,90,1,0.4,0,False,False,False,False,False,False
1782462787.771,0,0,0,0,0,9.29,-37.0,0.0,0.0,0.0,0.0,0.0,0,90,1,0.4,0,False,False,False,False,False,False
1782462787.796,0,0,0,0,0,9.62,-37.74,0.0,0.0,0.0,0.0,0.0,0,90,1,0.4,0,False,False,False,False,False,False
1782462787.819,0,0,0,0,0,9.99,-38.55,0.0,0.0,0.0,0.0,0.0,0,90,1,0.4,0,False,False,False,False,False,False
1782462787.844,0,0,0,0,0,10.43,-39.44,0.0,0.0,0.0,0.0,0.0,0,90,1,0.4,0,False,False,False,False,False,False
1782462787.867,0,0,0,0,0,10.93,-40.33,0.0,0.0,0.0,0.0,0.0,0,90,1,0.4,0,False,False,False,False,False,False
1782462787.886,0,0,0,0,0,11.42,-41.11,0.0,0.0,0.0,0.0,0.0,0,90,1,0.4,0,False,False,False,False,False,False
1782462787.91,0,0,0,0,0,11.87,-41.8,0.0,0.0,0.0,0.0,0.0,0,90,1,0.4,0,False,False,False,False,False,False
1782462787.934,0,0,0,0,0,12.3,-42.47,0.0,0.0,0.0,0.0,0.0,0,90,1,0.4,0,False,False,False,False,False,False
1782462787.958,0,0,0,0,0,12.72,-43.19,0.0,0.0,0.0,0.0,0.0,0,90,1,0.4,0,False,False,False,False,False,False
1782462787.981,0,0,0,0,0,13.14,-43.95,0.0,0.0,0.0,0.0,0.0,0,90,1,0.4,0,False,False,False,False,False,False
1782462788.005,0,0,0,0,0,13.62,-44.67,0.0,0.0,0.0,0.0,0.0,0,90,1,0.41,0,False,False,False,False,False,False
1782462788.03,0,0,0,0,0,14.18,-45.34,0.0,0.0,0.0,0.0,0.0,0,90,1,0.41,0,False,False,False,False,False,False
1782462788.053,0,0,0,0,0,14.83,-46.01,0.0,0.0,0.0,0.0,0.0,0,90,1,0.41,0,False,False,False,False,False,False
1782462788.077,0,0,0,0,0,15.6,-46.72,0.0,0.0,0.0,0.0,0.0,0,90,1,0.41,0,False,False,False,False,False,False
1782462788.096,0,0,0,0,0,16.42,-47.43,0.0,0.0,0.0,0.0,0.0,0,90,1,0.41,0,False,False,False,False,False,False
1782462788.12,0,0,0,0,0,17.27,-48.1,0.0,0.0,0.0,0.0,0.0,0,90,1,0.41,0,False,False,False,False,False,False
1782462788.143,0,0,0,0,0,18.13,-48.74,0.0,0.0,0.0,0.0,0.0,0,90,1,0.41,0,False,False,False,False,False,False
1782462788.168,0,0,0,0,0,18.98,-49.38,0.0,0.0,0.0,0.0,0.0,0,90,1,0.41,0,False,False,False,False,False,False
1782462788.191,0,0,0,0,0,19.8,-49.99,0.0,0.0,0.0,0.0,0.0,0,90,1,0.41,0,False,False,False,False,False,False
1782462788.215,0,0,0,0,0,20.54,-50.58,0.0,0.0,0.0,0.0,0.0,0,90,1,0.41,0,False,False,False,False,False,False
1782462788.234,0,0,0,0,0,21.2,-51.13,0.0,0.0,0.0,0.0,0.0,0,90,1,0.41,0,False,False,False,False,False,False
1782462788.257,0,0,0,0,0,21.76,-51.62,0.0,0.0,0.0,0.0,0.0,0,90,1,0.41,0,False,False,False,False,False,False
1782462788.282,0,0,0,0,0,22.25,-52.08,0.0,0.0,0.0,0.0,0.0,0,90,1,0.41,0,False,False,False,False,False,False
1782462788.304,0,0,0,0,0,22.7,-52.54,0.0,0.0,0.0,0.0,0.0,0,90,1,0.41,0,False,False,False,False,False,False
1782462788.328,0,0,0,0,0,23.16,-53.02,0.0,0.0,0.0,0.0,0.0,0,90,1,0.41,0,False,False,False,False,False,False
1782462788.353,0,0,0,0,0,23.67,-53.49,0.0,0.0,0.0,0.0,0.0,0,90,1,0.41,0,False,False,False,False,False,False
1782462788.376,0,0,0,0,0,24.27,-53.95,0.0,0.0,0.0,0.0,0.0,0,90,1,0.4,0,False,False,False,False,False,False
1782462788.395,0,0,0,0,0,24.92,-54.38,0.0,0.0,0.0,0.0,0.0,0,90,1,0.4,0,False,False,False,False,False,False
1782462788.419,0,0,0,0,0,25.59,-54.76,0.0,0.0,0.0,0.0,0.0,0,90,1,0.39,0,False,False,False,False,False,False
1782462788.445,0,0,0,0,0,26.25,-55.14,0.0,0.0,0.0,0.0,0.0,0,90,1,0.38,0,False,False,False,False,False,False
1782462788.467,0,0,0,0,0,26.9,-55.51,0.0,0.0,0.0,0.0,0.0,0,90,1,0.38,0,False,False,False,False,False,False
1782462788.486,0,0,0,0,0,27.47,-55.85,0.0,0.0,0.0,0.0,0.0,0,90,1,0.34,0,False,False,False,False,False,False
1782462788.51,0,0,0,0,0,27.89,-56.14,0.0,0.0,0.0,0.0,0.0,0,90,0,0.28,0,False,False,False,False,False,False
1782462788.533,0,0,0,0,0,28.15,-56.43,0.0,0.0,0.0,0.0,0.0,0,90,0,0.23,0,False,False,False,False,False,False
1782462788.556,0,0,0,0,0,28.25,-56.74,0.0,0.0,0.0,0.0,0.0,0,90,0,0.22,0,False,False,False,False,False,False
1782462788.575,0,0,0,0,0,28.19,-57.02,0.0,0.0,0.0,0.0,0.0,0,90,0,0.22,0,False,False,False,False,False,False
1782462788.599,0,0,0,0,0,28.02,-57.24,0.0,0.0,0.0,0.0,0.0,0,90,0,0.19,0,False,False,False,False,False,False
1782462788.623,0,0,0,0,0,27.8,-57.42,0.0,0.0,0.0,0.0,0.0,0,90,0,0.14,0,False,False,False,False,False,False
1782462788.647,0,0,0,0,0,27.58,-57.6,0.0,0.0,0.0,0.0,0.0,0,90,0,0.1,0,False,False,False,False,False,False
1782462788.67,0,0,0,0,0,27.45,-57.79,0.0,0.0,0.0,0.0,0.0,0,90,0,0.08,0,False,False,False,False,False,False
1782462788.694,0,0,0,0,0,27.46,-57.96,0.0,0.0,0.0,0.0,0.0,0,90,0,0.08,0,False,False,False,False,False,False
1782462788.718,0,0,0,0,0,27.66,-58.14,0.0,0.0,0.0,0.0,0.0,0,90,0,0.07,0,False,False,False,False,False,False
1782462788.742,0,0,0,0,0,27.89,-58.35,0.0,0.0,0.0,0.0,0.0,0,90,0,0.06,0,False,False,False,False,False,False
1782462788.765,0,0,0,0,0,27.92,-58.61,0.0,0.0,0.0,0.0,0.0,0,90,0,0.04,0,False,False,False,False,False,False
1782462788.784,0,0,0,0,0,28.35,-58.89,0.0,0.0,0.0,0.0,0.0,0,90,0,0.04,0,False,False,False,False,False,False
1782462788.81,0,0,0,0,0,29.92,-59.18,0.0,0.0,0.0,0.0,0.0,0,90,0,0.04,0,False,False,False,False,False,False
1782462788.833,0,0,0,0,0,32.09,-59.53,0.0,0.0,0.0,0.0,0.0,0,90,0,0.04,0,False,False,False,False,False,False
1782462788.858,0,0,0,0,0,34.13,-59.98,0.0,0.0,0.0,0.0,0.0,0,90,0,0.04,0,False,False,False,False,False,False
1782462788.88,0,0,0,0,0,35.97,-60.45,0.0,0.0,0.0,0.0,0.0,0,90,0,0.04,0,False,False,False,False,False,False
1782462788.904,0,0,0,0,0,37.7,-60.87,0.0,0.0,0.0,0.0,0.0,0,90,0,0.04,0,False,False,False,False,False,False
1782462788.929,0,0,0,0,0,39.31,-61.22,0.0,0.0,0.0,0.0,0.0,0,90,0,0.04,0,False,False,False,False,False,False
1782462788.953,0,0,0,0,0,40.72,-61.52,0.0,0.0,0.0,0.0,0.0,0,90,0,0.04,0,False,False,False,False,False,False
1782462788.977,0,0,0,0,0,41.82,-61.77,0.0,0.0,0.0,0.0,0.0,0,90,0,0.05,0,False,False,False,False,False,False
1782462788.995,0,0,0,0,0,42.53,-61.98,0.0,0.0,0.0,0.0,0.0,0,90,0,0.06,0,False,False,False,False,False,False
1782462789.018,0,0,0,0,0,42.89,-62.17,0.0,0.0,0.0,0.0,0.0,0,90,0,0.06,0,False,False,False,False,False,False
1782462789.043,0,0,0,0,0,43.0,-62.39,0.0,0.0,0.0,0.0,0.0,0,90,0,0.06,0,False,False,False,False,False,False
1782462789.066,0,0,0,0,0,42.94,-62.66,0.0,0.0,0.0,0.0,0.0,0,90,0,0.06,0,False,False,False,False,False,False
1782462789.084,0,0,0,0,0,42.78,-62.93,0.0,0.0,0.0,0.0,0.0,0,90,0,0.06,0,False,False,False,False,False,False
1782462789.108,0,0,0,0,0,42.56,-63.12,0.0,0.0,0.0,0.0,0.0,0,90,0,0.06,0,False,False,False,False,False,False
1782462789.131,0,0,0,0,0,42.34,-63.2,0.0,0.0,0.0,0.0,0.0,0,90,0,0.07,0,False,False,False,False,False,False
1782462789.156,0,0,0,0,0,42.25,-63.22,0.0,0.0,0.0,0.0,0.0,0,90,0,0.07,0,False,False,False,False,False,False
1782462789.18,0,0,0,0,0,42.36,-63.25,0.0,0.0,0.0,0.0,0.0,0,90,0,0.07,0,False,False,False,False,False,False
1782462789.204,0,0,0,0,0,42.66,-63.31,0.0,0.0,0.0,0.0,0.0,0,90,0,0.07,0,False,False,False,False,False,False
1782462789.227,0,0,0,0,0,42.9,-63.42,0.0,0.0,0.0,0.0,0.0,0,90,0,0.07,0,False,False,False,False,False,False
1782462789.251,0,0,0,0,0,43.1,-63.59,0.0,0.0,0.0,0.0,0.0,0,90,0,0.06,0,False,False,False,False,False,False
1782462789.276,0,0,0,0,0,43.72,-63.72,0.0,0.0,0.0,0.0,0.0,0,90,0,0.06,0,False,False,False,False,False,False
1782462789.294,0,0,0,0,0,44.69,-63.83,0.0,0.0,0.0,0.0,0.0,0,90,0,0.06,0,False,False,False,False,False,False
1782462789.319,0,0,0,0,0,45.61,-64.17,0.0,0.0,0.0,0.0,0.0,0,90,0,0.06,0,False,False,False,False,False,False
1782462789.344,0,0,0,0,0,46.44,-64.68,0.0,0.0,0.0,0.0,0.0,0,90,0,0.06,0,False,False,False,False,False,False
1782462789.366,0,0,0,0,0,47.19,-65.1,0.0,0.0,0.0,0.0,0.0,0,90,0,0.06,0,False,False,False,False,False,False
1782462789.39,0,0,0,0,0,47.78,-65.41,0.0,0.0,0.0,0.0,0.0,0,90,0,0.06,0,False,False,False,False,False,False
1782462789.414,0,0,0,0,0,48.1,-65.63,0.0,0.0,0.0,0.0,0.0,0,90,0,0.06,0,False,False,False,False,False,False
1782462789.437,0,0,0,0,0,48.17,-65.8,0.0,0.0,0.0,0.0,0.0,0,90,0,0.06,0,False,False,False,False,False,False
1782462789.461,0,0,0,0,0,48.13,-65.94,0.0,0.0,0.0,0.0,0.0,0,90,0,0.06,0,False,False,False,False,False,False
1782462789.485,0,0,0,0,0,48.09,-66.06,0.0,0.0,0.0,0.0,0.0,0,90,0,0.06,0,False,False,False,False,False,False
1782462789.509,0,0,0,0,0,48.09,-66.13,0.0,0.0,0.0,0.0,0.0,0,90,0,0.06,0,False,False,False,False,False,False
1782462789.532,0,0,0,0,0,48.37,-66.15,0.0,0.0,0.0,0.0,0.0,0,90,0,0.06,0,False,False,False,False,False,False
1782462789.558,0,0,0,0,0,49.13,-66.14,0.0,0.0,0.0,0.0,0.0,0,90,0,0.07,0,False,False,False,False,False,False
1782462789.581,0,0,0,0,0,49.85,-66.12,0.0,0.0,0.0,0.0,0.0,0,90,0,0.07,0,False,False,False,False,False,False
1782462789.604,0,0,0,0,0,50.07,-66.09,0.0,0.0,0.0,0.0,0.0,0,90,0,0.07,0,False,False,False,False,False,False
1782462789.629,0,0,0,0,0,49.92,-66.09,0.0,0.0,0.0,0.0,0.0,0,90,0,0.07,0,False,False,False,False,False,False
1782462789.653,0,0,0,0,0,49.69,-66.11,0.0,0.0,0.0,0.0,0.0,0,90,0,0.07,0,False,False,False,False,False,False
1782462789.677,0,0,0,0,0,49.56,-66.13,0.0,0.0,0.0,0.0,0.0,0,90,0,0.08,0,False,False,False,False,False,False
1782462789.7,0,0,0,0,0,49.51,-66.21,0.0,0.0,0.0,0.0,0.0,0,90,0,0.08,0,False,False,False,False,False,False
1782462789.719,0,0,0,0,0,49.46,-66.4,0.0,0.0,0.0,0.0,0.0,0,90,0,0.09,0,False,False,False,False,False,False
1782462789.743,0,0,0,0,0,49.35,-66.61,0.0,0.0,0.0,0.0,0.0,0,90,0,0.09,0,False,False,False,False,False,False
1782462789.766,0,0,0,0,0,49.19,-66.72,0.0,0.0,0.0,0.0,0.0,0,90,0,0.09,0,False,False,False,False,False,False
1782462789.791,0,0,0,0,0,48.91,-66.76,0.0,0.0,0.0,0.0,0.0,0,90,0,0.09,0,False,False,False,False,False,False
1782462789.809,0,0,0,0,0,48.69,-66.76,0.0,0.0,0.0,0.0,0.0,0,90,0,0.09,0,False,False,False,False,False,False
1782462789.833,0,0,0,0,0,48.39,-66.72,0.0,0.0,0.0,0.0,0.0,0,90,0,0.09,0,False,False,False,False,False,False
1782462789.858,0,0,0,0,0,47.34,-66.68,0.0,0.0,0.0,0.0,0.0,0,90,0,0.09,0,False,False,False,False,False,False
1782462789.882,0,0,0,0,0,46.23,-66.67,0.0,0.0,0.0,0.0,0.0,0,90,0,0.09,0,False,False,False,False,False,False
1782462789.9,0,0,0,0,0,45.25,-66.68,0.0,0.0,0.0,0.0,0.0,0,90,0,0.1,0,False,False,False,False,False,False
1782462789.924,0,0,0,0,0,42.58,-66.38,0.0,0.0,0.0,0.0,0.0,0,90,0,0.1,0,False,False,False,False,False,False
1782462789.948,0,0,0,0,0,38.43,-65.48,0.0,0.0,0.0,0.0,0.0,0,90,0,0.1,0,False,False,False,False,False,False
1782462789.971,0,0,0,0,0,34.24,-64.29,0.0,0.0,0.0,0.0,0.0,0,90,0,0.11,0,False,False,False,False,False,False
1782462789.995,0,0,0,0,0,30.28,-63.14,0.0,0.0,0.0,0.0,0.0,0,90,0,0.11,0,False,False,False,False,False,False
1782462790.02,0,0,0,0,0,26.53,-62.03,0.0,0.0,0.0,0.0,0.0,0,90,0,0.11,0,False,False,False,False,False,False
1782462790.044,0,0,0,0,0,23.07,-60.9,0.0,0.0,0.0,0.0,0.0,0,90,0,0.12,0,False,False,False,False,False,False
1782462790.062,0,0,0,0,0,20.08,-59.75,0.0,0.0,0.0,0.0,0.0,0,90,0,0.14,0,False,False,False,False,False,False
1782462790.085,0,0,0,0,0,17.55,-58.62,0.0,0.0,0.0,0.0,0.0,0,90,0,0.17,0,False,False,False,False,False,False
1782462790.109,0,0,0,0,0,15.16,-57.49,0.0,0.0,0.0,0.0,0.0,0,90,0,0.19,0,False,False,False,False,False,False
1782462790.133,0,0,0,0,0,12.72,-56.33,0.0,0.0,0.0,0.0,0.0,0,90,0,0.21,0,False,False,False,False,False,False
1782462790.157,0,0,0,0,0,10.43,-55.14,0.0,0.0,0.0,0.0,0.0,0,90,0,0.21,0,False,False,False,False,False,False
1782462790.181,0,0,0,0,0,8.45,-53.9,0.0,0.0,0.0,0.0,0.0,0,90,0,0.21,0,False,False,False,False,False,False
1782462790.204,0,0,0,0,0,6.79,-52.58,0.0,0.0,0.0,0.0,0.0,0,90,0,0.23,0,False,False,False,False,False,False
1782462790.228,0,0,0,0,0,5.37,-51.23,0.0,0.0,0.0,0.0,0.0,0,90,0,0.25,0,False,False,False,False,False,False
1782462790.252,0,0,0,0,0,4.02,-49.87,0.0,0.0,0.0,0.0,0.0,0,90,0,0.26,0,False,False,False,False,False,False
1782462790.275,0,0,0,0,0,2.63,-48.48,0.0,0.0,0.0,0.0,0.0,0,90,0,0.26,0,False,False,False,False,False,False
1782462790.3,0,0,0,0,0,1.14,-47.02,0.0,0.0,0.0,0.0,0.0,0,90,0,0.26,0,False,False,False,False,False,False
1782462790.318,0,0,0,0,0,-0.3,-45.48,0.0,0.0,0.0,0.0,0.0,0,90,0,0.26,0,False,False,False,False,False,False
1782462790.341,0,0,0,0,0,-1.63,-43.95,0.0,0.0,0.0,0.0,0.0,0,90,0,0.26,0,False,False,False,False,False,False
1782462790.365,0,0,0,0,0,-3.03,-42.38,0.0,0.0,0.0,0.0,0.0,0,90,0,0.25,0,False,False,False,False,False,False
1782462790.389,0,0,0,0,0,-4.63,-40.71,0.0,0.0,0.0,0.0,0.0,0,90,0,0.24,0,False,False,False,False,False,False
1782462790.408,0,0,0,0,0,-6.22,-38.97,0.0,0.0,0.0,0.0,0.0,0,90,0,0.24,0,False,False,False,False,False,False
1782462790.432,0,0,0,0,0,-7.49,-37.11,0.0,0.0,0.0,0.0,0.0,0,90,0,0.23,0,False,False,False,False,False,False
1782462790.455,0,0,0,0,0,-8.46,-34.95,0.0,0.0,0.0,0.0,0.0,0,90,0,0.24,0,False,False,False,False,False,False
1782462790.48,0,0,0,0,0,-9.34,-32.46,0.0,0.0,0.0,0.0,0.0,0,90,0,0.23,0,False,False,False,False,False,False
1782462790.504,0,0,0,0,0,-10.21,-29.79,0.0,0.0,0.0,0.0,0.0,0,90,0,0.23,0,False,False,False,False,False,False
1782462790.528,0,0,0,0,0,-10.95,-27.11,0.0,0.0,0.0,0.0,0.0,0,90,0,0.23,0,False,False,False,False,False,False
1782462790.552,0,0,0,0,0,-11.5,-24.49,0.0,0.0,0.0,0.0,0.0,0,90,0,0.22,0,False,False,False,False,False,False
1782462790.576,0,0,0,0,0,-11.89,-21.92,0.0,0.0,0.0,0.0,0.0,0,90,0,0.22,0,False,False,False,False,False,False
1782462790.599,0,0,0,0,0,-12.12,-19.38,0.0,0.0,0.0,0.0,0.0,0,90,0,0.22,0,False,False,False,False,False,False
1782462790.623,0,0,0,0,0,-12.14,-16.99,0.0,0.0,0.0,0.0,0.0,0,90,0,0.22,0,False,False,False,False,False,False
1782462790.646,0,0,0,0,0,-11.96,-14.82,0.0,0.0,0.0,0.0,0.0,0,90,0,0.22,0,False,False,False,False,False,False
1782462790.671,0,0,0,0,0,-11.74,-12.8,0.0,0.0,0.0,0.0,0.0,0,90,0,0.22,0,False,False,False,False,False,False
1782462790.694,0,0,0,0,0,-11.57,-10.8,0.0,0.0,0.0,0.0,0.0,0,90,0,0.22,0,False,False,False,False,False,False
1782462790.718,0,0,0,0,0,-11.44,-8.76,0.0,0.0,0.0,0.0,0.0,0,90,0,0.22,0,False,False,False,False,False,False
1782462790.741,0,0,0,0,0,-11.33,-6.84,0.0,0.0,0.0,0.0,0.0,0,90,0,0.22,0,False,False,False,False,False,False
1782462790.765,0,0,0,0,0,-11.23,-5.25,0.0,0.0,0.0,0.0,0.0,0,90,0,0.22,0,False,False,False,False,False,False
1782462790.788,0,0,0,0,0,-11.09,-4.14,0.0,0.0,0.0,0.0,0.0,0,90,0,0.22,0,False,False,False,False,False,False
1782462790.812,0,0,0,0,0,-10.9,-3.49,0.0,0.0,0.0,0.0,0.0,0,90,0,0.22,0,False,False,False,False,False,False
1782462790.835,0,0,0,0,0,-10.68,-3.12,0.0,0.0,0.0,0.0,0.0,0,90,0,0.22,0,False,False,False,False,False,False
1782462790.859,0,0,0,0,0,-10.43,-2.86,0.0,0.0,0.0,0.0,0.0,0,90,0,0.22,0,False,False,False,False,False,False
1782462790.88,0,0,0,0,0,-10.17,-2.57,0.0,0.0,0.0,0.0,0.0,0,90,0,0.22,0,False,False,False,False,False,False
1782462790.904,0,0,0,0,0,-9.92,-2.12,0.0,0.0,0.0,0.0,0.0,0,90,0,0.22,0,False,False,False,False,False,False
1782462790.927,0,0,0,0,0,-9.69,-1.74,0.0,0.0,0.0,0.0,0.0,0,90,0,0.22,0,False,False,False,False,False,False
1782462790.952,0,0,0,0,0,-9.45,-1.28,0.0,0.0,0.0,0.0,0.0,0,90,0,0.21,0,False,False,False,False,False,False
1782462790.975,0,0,0,0,0,-9.19,0.17,0.0,0.0,0.0,0.0,0.0,0,90,0,0.21,0,False,False,False,False,False,False
1782462790.998,0,0,0,0,0,-8.9,2.35,0.0,0.0,0.0,0.0,0.0,0,90,0,0.21,0,False,False,False,False,False,False
1782462791.022,0,0,0,0,0,-8.62,4.49,0.0,0.0,0.0,0.0,0.0,0,90,0,0.21,0,False,False,False,False,False,False
1782462791.046,0,0,0,0,0,-8.38,6.61,0.0,0.0,0.0,0.0,0.0,0,90,0,0.2,0,False,False,False,False,False,False
1782462791.068,0,0,0,0,0,-8.23,8.9,0.0,0.0,0.0,0.0,0.0,0,90,0,0.2,0,False,False,False,False,False,False
1782462791.092,0,0,0,0,0,-8.16,11.37,0.0,0.0,0.0,0.0,0.0,0,90,0,0.19,0,False,False,False,False,False,False
1782462791.116,0,0,0,0,0,-8.13,13.92,0.0,0.0,0.0,0.0,0.0,0,90,0,0.19,0,False,False,False,False,False,False
1782462791.14,0,0,0,0,0,-8.07,16.39,0.0,0.0,0.0,0.0,0.0,0,90,0,0.19,0,False,False,False,False,False,False
1782462791.163,0,0,0,0,0,-8.01,18.61,0.0,0.0,0.0,0.0,0.0,0,90,0,0.19,0,False,False,False,False,False,False
1782462791.189,0,0,0,0,0,-8.03,20.43,0.0,0.0,0.0,0.0,0.0,0,90,0,0.19,0,False,False,False,False,False,False
1782462791.214,0,0,0,0,0,-7.95,21.89,0.0,0.0,0.0,0.0,0.0,0,90,0,0.18,0,False,False,False,False,False,False
1782462791.236,0,0,0,0,0,-7.59,23.15,0.0,0.0,0.0,0.0,0.0,0,90,0,0.18,0,False,False,False,False,False,False
1782462791.26,0,0,0,0,0,-7.09,24.35,0.0,0.0,0.0,0.0,0.0,0,90,0,0.18,0,False,False,False,False,False,False
1782462791.284,0,0,0,0,0,-6.61,25.5,0.0,0.0,0.0,0.0,0.0,0,90,0,0.18,0,False,False,False,False,False,False
1782462791.307,0,0,0,0,0,-6.19,26.57,0.0,0.0,0.0,0.0,0.0,0,90,0,0.18,0,False,False,False,False,False,False
1782462791.331,0,0,0,0,0,-5.89,27.55,0.0,0.0,0.0,0.0,0.0,0,90,0,0.18,0,False,False,False,False,False,False
1782462791.355,0,0,0,0,0,-5.71,28.39,0.0,0.0,0.0,0.0,0.0,0,90,0,0.17,0,False,False,False,False,False,False
1782462791.379,0,0,0,0,0,-5.59,29.0,0.0,0.0,0.0,0.0,0.0,0,90,0,0.16,0,False,False,False,False,False,False
1782462791.402,0,0,0,0,0,-5.47,29.3,0.0,0.0,0.0,0.0,0.0,0,90,0,0.16,0,False,False,False,False,False,False
1782462791.425,0,0,0,0,0,-5.31,29.32,0.0,0.0,0.0,0.0,0.0,0,90,0,0.16,0,False,False,False,False,False,False
1782462791.448,0,0,0,0,0,-5.11,29.2,0.0,0.0,0.0,0.0,0.0,0,90,0,0.16,0,False,False,False,False,False,False
1782462791.473,0,0,0,0,0,-4.89,29.06,0.0,0.0,0.0,0.0,0.0,0,90,0,0.14,0,False,False,False,False,False,False
1782462791.496,0,0,0,0,0,-4.66,29.03,0.0,0.0,0.0,0.0,0.0,0,90,0,0.11,0,False,False,False,False,False,False
1782462791.52,0,0,0,0,0,-4.46,29.16,0.0,0.0,0.0,0.0,0.0,0,90,0,0.09,0,False,False,False,False,False,False
1782462791.544,0,0,0,0,0,-4.31,29.46,0.0,0.0,0.0,0.0,0.0,0,90,0,0.09,0,False,False,False,False,False,False
1782462791.568,0,0,0,0,0,-4.17,29.69,0.0,0.0,0.0,0.0,0.0,0,90,0,0.09,0,False,False,False,False,False,False
1782462791.591,0,0,0,0,0,-4.01,29.77,0.0,0.0,0.0,0.0,0.0,0,90,0,0.09,0,False,False,False,False,False,False
1782462791.615,0,0,0,0,0,-3.83,30.04,0.0,0.0,0.0,0.0,0.0,0,90,0,0.09,0,False,False,False,False,False,False
1782462791.64,0,0,0,0,0,-3.65,30.48,0.0,0.0,0.0,0.0,0.0,0,90,0,0.09,0,False,False,False,False,False,False
1782462791.665,0,0,0,0,0,-3.47,30.85,0.0,0.0,0.0,0.0,0.0,0,90,0,0.09,0,False,False,False,False,False,False
1782462791.687,0,0,0,0,0,-3.33,31.23,0.0,0.0,0.0,0.0,0.0,0,90,0,0.09,0,False,False,False,False,False,False
1782462791.709,0,0,0,0,0,-3.19,31.52,0.0,0.0,0.0,0.0,0.0,0,90,0,0.09,0,False,False,False,False,False,False
1782462791.729,0,0,0,0,0,-3.03,31.44,0.0,0.0,0.0,0.0,0.0,0,90,0,0.09,0,False,False,False,False,False,False
1782462791.754,0,0,0,0,0,-2.81,32.24,0.0,0.0,0.0,0.0,0.0,0,90,0,0.09,0,False,False,False,False,False,False
1782462791.776,0,0,0,0,0,-2.5,35.1,0.0,0.0,0.0,0.0,0.0,0,90,0,0.09,0,False,False,False,False,False,False
1782462791.801,0,0,0,0,0,-2.12,38.57,0.0,0.0,0.0,0.0,0.0,0,90,0,0.1,0,False,False,False,False,False,False
1782462791.82,0,0,0,0,0,-1.73,40.97,0.0,0.0,0.0,0.0,0.0,0,90,0,0.11,0,False,False,False,False,False,False
1782462791.843,0,0,0,0,0,-1.36,42.3,0.0,0.0,0.0,0.0,0.0,0,90,0,0.12,0,False,False,False,False,False,False
1782462791.867,0,0,0,0,0,-0.99,43.14,0.0,0.0,0.0,0.0,0.0,0,90,0,0.12,0,False,False,False,False,False,False
1782462791.891,0,0,0,0,0,-0.56,43.96,0.0,0.0,0.0,0.0,0.0,0,90,0,0.13,0,False,False,False,False,False,False
1782462791.915,0,0,0,0,0,-0.06,44.96,0.0,0.0,0.0,0.0,0.0,0,90,0,0.16,0,False,False,False,False,False,False
1782462791.933,0,0,0,0,0,0.49,46.11,0.0,0.0,0.0,0.0,0.0,0,90,0,0.19,0,False,False,False,False,False,False
1782462791.957,0,0,0,0,0,1.03,47.3,0.0,0.0,0.0,0.0,0.0,0,90,0,0.2,0,False,False,False,False,False,False
1782462791.981,0,0,0,0,0,1.59,48.51,0.0,0.0,0.0,0.0,0.0,0,90,0,0.2,0,False,False,False,False,False,False
1782462792.005,0,0,0,0,0,2.19,49.75,0.0,0.0,0.0,0.0,0.0,0,90,0,0.21,0,False,False,False,False,False,False
1782462792.028,0,0,0,0,0,2.78,51.01,0.0,0.0,0.0,0.0,0.0,0,90,0,0.24,0,False,False,False,False,False,False
1782462792.051,0,0,0,0,0,3.3,52.28,0.0,0.0,0.0,0.0,0.0,0,90,0,0.26,0,False,False,False,False,False,False
1782462792.069,0,0,0,0,0,3.75,53.54,0.0,0.0,0.0,0.0,0.0,0,90,0,0.26,0,False,False,False,False,False,False
1782462792.093,0,0,0,0,0,4.21,54.7,0.0,0.0,0.0,0.0,0.0,0,90,0,0.26,0,False,False,False,False,False,False
1782462792.117,0,0,0,0,0,4.79,55.68,0.0,0.0,0.0,0.0,0.0,0,90,0,0.26,0,False,False,False,False,False,False
1782462792.141,0,0,0,0,0,5.46,56.49,0.0,0.0,0.0,0.0,0.0,0,90,0,0.28,0,False,False,False,False,False,False
1782462792.165,0,0,0,0,0,6.15,57.19,0.0,0.0,0.0,0.0,0.0,0,90,0,0.29,0,False,False,False,False,False,False
1782462792.189,0,0,0,0,0,6.78,57.73,0.0,0.0,0.0,0.0,0.0,0,90,0,0.29,0,False,False,False,False,False,False
1782462792.214,0,0,0,0,0,7.33,58.12,0.0,0.0,0.0,0.0,0.0,0,90,0,0.29,0,False,False,False,False,False,False
1782462792.236,0,0,0,0,0,7.82,58.37,0.0,0.0,0.0,0.0,0.0,0,90,0,0.29,0,False,False,False,False,False,False
1782462792.26,0,0,0,0,0,8.31,58.57,0.0,0.0,0.0,0.0,0.0,0,90,0,0.29,0,False,False,False,False,False,False
1782462792.283,0,0,0,0,0,8.84,58.8,0.0,0.0,0.0,0.0,0.0,0,90,0,0.29,0,False,False,False,False,False,False
1782462792.307,0,0,0,0,0,9.43,59.07,0.0,0.0,0.0,0.0,0.0,0,90,0,0.3,0,False,False,False,False,False,False
1782462792.332,0,0,0,0,0,10.07,59.38,0.0,0.0,0.0,0.0,0.0,0,90,0,0.3,0,False,False,False,False,False,False
1782462792.356,0,0,0,0,0,10.66,59.68,0.0,0.0,0.0,0.0,0.0,0,90,0,0.29,0,False,False,False,False,False,False
1782462792.38,0,0,0,0,0,11.15,59.94,0.0,0.0,0.0,0.0,0.0,0,90,0,0.29,0,False,False,False,False,False,False
1782462792.403,0,0,0,0,0,11.53,60.19,0.0,0.0,0.0,0.0,0.0,0,90,0,0.28,0,False,False,False,False,False,False
1782462792.428,0,0,0,0,0,11.88,60.48,0.0,0.0,0.0,0.0,0.0,0,90,0,0.28,0,False,False,False,False,False,False
1782462792.452,0,0,0,0,0,12.27,60.81,0.0,0.0,0.0,0.0,0.0,0,90,0,0.27,0,False,False,False,False,False,False
1782462792.476,0,0,0,0,0,12.65,61.11,0.0,0.0,0.0,0.0,0.0,0,90,0,0.27,0,False,False,False,False,False,False
1782462792.498,0,0,0,0,0,12.98,61.32,0.0,0.0,0.0,0.0,0.0,0,90,0,0.27,0,False,False,False,False,False,False
1782462792.522,0,0,0,0,0,13.26,61.46,0.0,0.0,0.0,0.0,0.0,0,90,0,0.27,0,False,False,False,False,False,False
1782462792.54,0,0,0,0,0,13.49,61.57,0.0,0.0,0.0,0.0,0.0,0,90,0,0.26,0,False,False,False,False,False,False
1782462792.565,0,0,0,0,0,13.68,61.68,0.0,0.0,0.0,0.0,0.0,0,90,0,0.25,0,False,False,False,False,False,False
1782462792.588,0,0,0,0,0,13.85,61.78,0.0,0.0,0.0,0.0,0.0,0,90,0,0.25,0,False,False,False,False,False,False
1782462792.613,0,0,0,0,0,13.99,61.87,0.0,0.0,0.0,0.0,0.0,0,90,0,0.25,0,False,False,False,False,False,False
1782462792.636,0,0,0,0,0,14.12,61.94,0.0,0.0,0.0,0.0,0.0,0,90,0,0.25,0,False,False,False,False,False,False
1782462792.66,0,0,0,0,0,14.27,62.0,0.0,0.0,0.0,0.0,0.0,0,90,0,0.25,0,False,False,False,False,False,False
1782462792.684,0,0,0,0,0,14.44,62.08,0.0,0.0,0.0,0.0,0.0,0,90,0,0.24,0,False,False,False,False,False,False
1782462792.708,0,0,0,0,0,14.66,62.2,0.0,0.0,0.0,0.0,0.0,0,90,0,0.24,0,False,False,False,False,False,False
1782462792.731,0,0,0,0,0,14.89,62.35,0.0,0.0,0.0,0.0,0.0,0,90,0,0.24,0,False,False,False,False,False,False
1782462792.756,0,0,0,0,0,15.1,62.5,0.0,0.0,0.0,0.0,0.0,0,90,0,0.24,0,False,False,False,False,False,False
1782462792.78,0,0,0,0,0,15.28,62.63,0.0,0.0,0.0,0.0,0.0,0,90,0,0.24,0,False,False,False,False,False,False
1782462792.803,0,0,0,0,0,15.46,62.72,0.0,0.0,0.0,0.0,0.0,0,90,0,0.24,0,False,False,False,False,False,False
1782462792.827,0,0,0,0,0,15.62,62.77,0.0,0.0,0.0,0.0,0.0,0,90,0,0.24,0,False,False,False,False,False,False
1782462792.851,0,0,0,0,0,15.75,62.8,0.0,0.0,0.0,0.0,0.0,0,90,0,0.24,0,False,False,False,False,False,False
1782462792.875,0,0,0,0,0,15.82,62.8,0.0,0.0,0.0,0.0,0.0,0,90,0,0.24,0,False,False,False,False,False,False
1782462792.899,0,0,0,0,0,15.81,62.79,0.0,0.0,0.0,0.0,0.0,0,90,0,0.23,0,False,False,False,False,False,False
1782462792.922,0,0,0,0,0,15.69,62.79,0.0,0.0,0.0,0.0,0.0,0,90,0,0.23,0,False,False,False,False,False,False
1782462792.947,0,0,0,0,0,15.55,62.78,0.0,0.0,0.0,0.0,0.0,0,90,0,0.23,0,False,False,False,False,False,False
1782462792.971,0,0,0,0,0,15.53,62.77,0.0,0.0,0.0,0.0,0.0,0,90,0,0.23,0,False,False,False,False,False,False
1782462792.993,0,0,0,0,0,15.29,62.64,0.0,0.0,0.0,0.0,0.0,0,90,0,0.23,0,False,False,False,False,False,False
1782462793.013,0,0,0,0,0,14.4,62.26,0.0,0.0,0.0,0.0,0.0,0,90,0,0.23,0,False,False,False,False,False,False
1782462793.037,0,0,0,0,0,13.13,61.68,0.0,0.0,0.0,0.0,0.0,0,90,0,0.23,0,False,False,False,False,False,False
1782462793.062,0,0,0,0,0,11.79,61.27,0.0,0.0,0.0,0.0,0.0,0,90,0,0.23,0,False,False,False,False,False,False
1782462793.084,0,0,0,0,0,10.28,61.32,0.0,0.0,0.0,0.0,0.0,0,90,0,0.22,0,False,False,False,False,False,False
1782462793.109,0,0,0,0,0,8.47,61.4,0.0,0.0,0.0,0.0,0.0,0,90,0,0.22,0,False,False,False,False,False,False
1782462793.127,0,0,0,0,0,6.56,59.91,0.0,0.0,0.0,0.0,0.0,0,90,0,0.22,0,False,False,False,False,False,False
1782462793.15,0,0,0,0,0,4.82,55.87,0.0,0.0,0.0,0.0,0.0,0,90,0,0.22,0,False,False,False,False,False,False
1782462793.174,0,0,0,0,0,3.36,50.91,0.0,0.0,0.0,0.0,0.0,0,90,0,0.23,0,False,False,False,False,False,False
1782462793.198,0,0,0,0,0,2.26,46.65,0.0,0.0,0.0,0.0,0.0,0,90,0,0.24,0,False,False,False,False,False,False
1782462793.223,0,0,0,0,0,1.56,42.91,0.0,0.0,0.0,0.0,0.0,0,90,0,0.24,0,False,False,False,False,False,False
1782462793.247,0,0,0,0,0,1.22,39.13,0.0,0.0,0.0,0.0,0.0,0,90,0,0.23,0,False,False,False,False,False,False
1782462793.27,0,0,0,0,0,1.09,35.02,0.0,0.0,0.0,0.0,0.0,0,90,0,0.24,0,False,False,False,False,False,False
1782462793.294,0,0,0,0,0,1.01,30.67,0.0,0.0,0.0,0.0,0.0,0,90,0,0.26,0,False,False,False,False,False,False
1782462793.313,0,0,0,0,0,0.78,26.38,0.0,0.0,0.0,0.0,0.0,0,90,0,0.28,0,False,False,False,False,False,False
1782462793.337,0,0,0,0,0,0.56,22.46,0.0,0.0,0.0,0.0,0.0,0,90,0,0.27,0,False,False,False,False,False,False
1782462793.36,0,0,0,0,0,0.61,18.87,0.0,0.0,0.0,0.0,0.0,0,90,0,0.26,0,False,False,False,False,False,False
1782462793.384,0,0,0,0,0,0.65,15.54,0.0,0.0,0.0,0.0,0.0,0,90,0,0.26,0,False,False,False,False,False,False
1782462793.407,0,0,0,0,0,-0.66,12.54,0.0,0.0,0.0,0.0,0.0,0,90,0,0.26,0,False,False,False,False,False,False
1782462793.432,0,0,0,0,0,-4.17,9.88,0.0,0.0,0.0,0.0,0.0,0,90,0,0.24,0,False,False,False,False,False,False
1782462793.453,0,0,0,0,0,-8.37,7.46,0.0,0.0,0.0,0.0,0.0,0,90,0,0.23,0,False,False,False,False,False,False
1782462793.477,0,0,0,0,0,-11.86,5.04,0.0,0.0,0.0,0.0,0.0,0,90,0,0.22,0,False,False,False,False,False,False
1782462793.501,0,0,0,0,0,-14.92,2.53,0.0,0.0,0.0,0.0,0.0,0,90,0,0.22,0,False,False,False,False,False,False
1782462793.526,0,0,0,0,0,-17.9,0.18,0.0,0.0,0.0,0.0,0.0,0,90,0,0.22,0,False,False,False,False,False,False
1782462793.548,0,0,0,0,0,-20.69,-1.54,0.0,0.0,0.0,0.0,0.0,0,90,0,0.21,0,False,False,False,False,False,False
1782462793.572,0,0,0,0,0,-23.26,-2.51,0.0,0.0,0.0,0.0,0.0,0,90,0,0.2,0,False,False,False,False,False,False
1782462793.595,0,0,0,0,0,-25.99,-3.14,0.0,0.0,0.0,0.0,0.0,0,90,0,0.19,0,False,False,False,False,False,False
1782462793.618,0,0,0,0,0,-29.19,-3.84,0.0,0.0,0.0,0.0,0.0,0,90,0,0.19,0,False,False,False,False,False,False
1782462793.643,0,0,0,0,0,-32.79,-4.52,0.0,0.0,0.0,0.0,0.0,0,90,0,0.19,0,False,False,False,False,False,False
1782462793.667,0,0,0,0,0,-36.35,-4.74,0.0,0.0,0.0,0.0,0.0,0,90,0,0.19,0,False,False,False,False,False,False
1782462793.69,0,0,0,0,0,-39.23,-4.44,0.0,0.0,0.0,0.0,0.0,0,90,0,0.21,0,False,False,False,False,False,False
1782462793.712,0,0,0,0,0,-41.2,-4.12,0.0,0.0,0.0,0.0,0.0,0,90,0,0.23,0,False,False,False,False,False,False
1782462793.735,0,0,0,0,0,-42.54,-4.27,0.0,0.0,0.0,0.0,0.0,0,90,0,0.24,0,False,False,False,False,False,False
1782462793.76,0,0,0,0,0,-43.69,-4.88,0.0,0.0,0.0,0.0,0.0,0,90,0,0.24,0,False,False,False,False,False,False
1782462793.783,0,0,0,0,0,-44.86,-5.64,0.0,0.0,0.0,0.0,0.0,0,90,0,0.25,0,False,False,False,False,False,False
1782462793.806,0,0,0,0,0,-46.0,-6.33,0.0,0.0,0.0,0.0,0.0,0,90,0,0.27,0,False,False,False,False,False,False
1782462793.83,0,0,0,0,0,-47.06,-6.84,0.0,0.0,0.0,0.0,0.0,0,90,0,0.28,0,False,False,False,False,False,False
1782462793.853,0,0,0,0,0,-48.01,-7.09,0.0,0.0,0.0,0.0,0.0,0,90,0,0.28,0,False,False,False,False,False,False
1782462793.876,0,0,0,0,0,-48.9,-7.03,0.0,0.0,0.0,0.0,0.0,0,90,0,0.28,0,False,False,False,False,False,False
1782462793.9,0,0,0,0,0,-49.7,-6.72,0.0,0.0,0.0,0.0,0.0,0,90,0,0.3,0,False,False,False,False,False,False
1782462793.923,0,0,0,0,0,-50.39,-6.32,0.0,0.0,0.0,0.0,0.0,0,90,1,0.31,0,False,False,False,False,False,False
1782462793.946,0,0,0,0,0,-50.94,-5.94,0.0,0.0,0.0,0.0,0.0,0,90,1,0.31,0,False,False,False,False,False,False
1782462793.97,0,0,0,0,0,-51.36,-5.66,0.0,0.0,0.0,0.0,0.0,0,90,1,0.31,0,False,False,False,False,False,False
1782462793.992,0,0,0,0,0,-51.66,-5.51,0.0,0.0,0.0,0.0,0.0,0,90,1,0.31,0,False,False,False,False,False,False
1782462794.016,0,0,0,0,0,-51.88,-5.5,0.0,0.0,0.0,0.0,0.0,0,90,1,0.32,0,False,False,False,False,False,False
1782462794.039,0,0,0,0,0,-52.05,-5.59,0.0,0.0,0.0,0.0,0.0,0,90,1,0.32,0,False,False,False,False,False,False
1782462794.063,0,0,0,0,0,-52.21,-5.7,0.0,0.0,0.0,0.0,0.0,0,90,1,0.33,0,False,False,False,False,False,False
1782462794.086,0,0,0,0,0,-52.37,-5.81,0.0,0.0,0.0,0.0,0.0,0,90,1,0.33,0,False,False,False,False,False,False
1782462794.11,0,0,0,0,0,-52.54,-5.94,0.0,0.0,0.0,0.0,0.0,0,90,1,0.33,0,False,False,False,False,False,False
1782462794.132,0,0,0,0,0,-52.68,-6.1,0.0,0.0,0.0,0.0,0.0,0,90,1,0.33,0,False,False,False,False,False,False
1782462794.156,0,0,0,0,0,-52.8,-6.28,0.0,0.0,0.0,0.0,0.0,0,90,1,0.33,0,False,False,False,False,False,False
1782462794.179,0,0,0,0,0,-52.88,-6.45,0.0,0.0,0.0,0.0,0.0,0,90,1,0.33,0,False,False,False,False,False,False
1782462794.202,0,0,0,0,0,-52.93,-6.61,0.0,0.0,0.0,0.0,0.0,0,90,1,0.33,0,False,False,False,False,False,False
1782462794.226,0,0,0,0,0,-52.97,-6.76,0.0,0.0,0.0,0.0,0.0,0,90,1,0.33,0,False,False,False,False,False,False
1782462794.25,0,0,0,0,0,-53.02,-6.85,0.0,0.0,0.0,0.0,0.0,0,90,1,0.33,0,False,False,False,False,False,False
1782462794.272,0,0,0,0,0,-53.1,-6.84,0.0,0.0,0.0,0.0,0.0,0,90,1,0.33,0,False,False,False,False,False,False
1782462794.297,0,0,0,0,0,-53.2,-6.77,0.0,0.0,0.0,0.0,0.0,0,90,1,0.33,0,False,False,False,False,False,False
1782462794.319,0,0,0,0,0,-53.3,-6.7,0.0,0.0,0.0,0.0,0.0,0,90,1,0.33,0,False,False,False,False,False,False
1782462794.344,0,0,0,0,0,-53.35,-6.67,0.0,0.0,0.0,0.0,0.0,0,90,1,0.33,0,False,False,False,False,False,False
1782462794.366,0,0,0,0,0,-53.33,-6.67,0.0,0.0,0.0,0.0,0.0,0,90,1,0.33,0,False,False,False,False,False,False
1782462794.389,0,0,0,0,0,-53.26,-6.66,0.0,0.0,0.0,0.0,0.0,0,90,1,0.33,0,False,False,False,False,False,False
1782462794.414,0,0,0,0,0,-53.22,-6.64,0.0,0.0,0.0,0.0,0.0,0,90,1,0.33,0,False,False,False,False,False,False
1782462794.437,0,0,0,0,0,-53.21,-6.66,0.0,0.0,0.0,0.0,0.0,0,90,1,0.33,0,False,False,False,False,False,False
1782462794.462,0,0,0,0,0,-53.13,-6.68,0.0,0.0,0.0,0.0,0.0,0,90,1,0.33,0,False,False,False,False,False,False
1782462794.485,0,0,0,0,0,-51.84,-6.7,0.0,0.0,0.0,0.0,0.0,0,90,1,0.33,0,False,False,False,False,False,False
1782462794.508,0,0,0,0,0,-48.19,-6.64,0.0,0.0,0.0,0.0,0.0,0,90,1,0.33,0,False,False,False,False,False,False
1782462794.532,0,0,0,0,0,-43.17,-6.54,0.0,0.0,0.0,0.0,0.0,0,90,1,0.34,0,False,False,False,False,False,False
1782462794.555,0,0,0,0,0,-38.02,-6.6,0.0,0.0,0.0,0.0,0.0,0,90,1,0.36,0,False,False,False,False,False,False
1782462794.578,0,0,0,0,0,-32.82,-7.05,0.0,0.0,0.0,0.0,0.0,0,90,1,0.37,0,False,False,False,False,False,False
1782462794.601,0,0,0,0,0,-27.39,-7.64,0.0,0.0,0.0,0.0,0.0,0,90,1,0.38,0,False,False,False,False,False,False
1782462794.624,0,0,0,0,0,-21.7,-8.02,0.0,0.0,0.0,0.0,0.0,0,90,1,0.37,0,False,False,False,False,False,False
1782462794.648,0,0,0,0,0,-15.81,-8.48,0.0,0.0,0.0,0.0,0.0,0,90,1,0.39,0,False,False,False,False,False,False
1782462794.672,0,0,0,0,0,-9.94,-8.73,0.0,0.0,0.0,0.0,0.0,0,90,1,0.44,0,False,False,False,False,False,False
1782462794.695,0,0,0,0,0,-4.4,-8.47,0.0,0.0,0.0,0.0,0.0,0,90,1,0.48,0,False,False,False,False,False,False
1782462794.718,0,0,0,0,0,0.69,-8.15,0.0,0.0,0.0,0.0,0.0,0,90,1,0.5,0,False,False,False,False,False,False
1782462794.743,0,0,0,0,0,5.54,-7.93,0.0,0.0,0.0,0.0,0.0,0,90,1,0.5,0,False,False,False,False,False,False
1782462794.766,0,0,0,0,0,10.22,-7.6,0.0,0.0,0.0,0.0,0.0,0,90,1,0.49,0,False,False,False,False,False,False
1782462794.789,0,0,0,0,0,14.66,-7.33,0.0,0.0,0.0,0.0,0.0,0,90,1,0.49,0,False,False,False,False,False,False
1782462794.812,0,0,0,0,0,18.92,-7.41,0.0,0.0,0.0,0.0,0.0,0,90,1,0.5,0,False,False,False,False,False,False
1782462794.836,0,0,0,0,0,23.22,-7.11,0.0,0.0,0.0,0.0,0.0,0,90,1,0.5,0,False,False,False,False,False,False
1782462794.859,0,0,0,0,0,27.59,-5.83,0.0,0.0,0.0,0.0,0.0,0,90,1,0.5,0,False,False,False,False,False,False
1782462794.883,0,0,0,0,0,31.84,-4.41,0.0,0.0,0.0,0.0,0.0,0,90,1,0.49,0,False,False,False,False,False,False
1782462794.907,0,0,0,0,0,35.75,-3.74,0.0,0.0,0.0,0.0,0.0,0,90,1,0.49,0,False,False,False,False,False,False
1782462794.93,0,0,0,0,0,39.4,-3.81,0.0,0.0,0.0,0.0,0.0,0,90,1,0.49,0,False,False,False,False,False,False
1782462794.954,0,0,0,0,0,43.08,-4.32,0.0,0.0,0.0,0.0,0.0,0,90,1,0.48,0,False,False,False,False,False,False
1782462794.977,0,0,0,0,0,46.94,-5.0,0.0,0.0,0.0,0.0,0.0,0,90,1,0.44,0,False,False,False,False,False,False
1782462795.001,0,0,0,0,0,50.82,-5.76,0.0,0.0,0.0,0.0,0.0,0,90,1,0.4,0,False,False,False,False,False,False
1782462795.024,0,0,0,0,0,54.49,-6.54,0.0,0.0,0.0,0.0,0.0,0,90,1,0.38,0,False,False,False,False,False,False
1782462795.047,0,0,0,0,0,57.81,-7.23,0.0,0.0,0.0,0.0,0.0,0,90,1,0.38,0,False,False,False,False,False,False
1782462795.071,0,0,0,0,0,60.7,-7.71,0.0,0.0,0.0,0.0,0.0,0,90,1,0.38,0,False,False,False,False,False,False
1782462795.094,0,0,0,0,0,63.1,-7.95,0.0,0.0,0.0,0.0,0.0,0,90,1,0.35,0,False,False,False,False,False,False
1782462795.118,0,0,0,0,0,65.08,-8.03,0.0,0.0,0.0,0.0,0.0,0,90,1,0.33,0,False,False,False,False,False,False
1782462795.141,0,0,0,0,0,66.9,-7.98,0.0,0.0,0.0,0.0,0.0,0,90,1,0.32,0,False,False,False,False,False,False
1782462795.165,0,0,0,0,0,68.78,-7.81,0.0,0.0,0.0,0.0,0.0,0,90,1,0.32,0,False,False,False,False,False,False
1782462795.188,0,0,0,0,0,70.61,-7.61,0.0,0.0,0.0,0.0,0.0,0,90,1,0.31,0,False,False,False,False,False,False
1782462795.211,0,0,0,0,0,72.34,-7.52,0.0,0.0,0.0,0.0,0.0,0,90,0,0.29,0,False,False,False,False,False,False
1782462795.235,0,0,0,0,0,74.3,-7.54,0.0,0.0,0.0,0.0,0.0,0,90,0,0.29,0,False,False,False,False,False,False
1782462795.258,0,0,0,0,0,76.48,-7.55,0.0,0.0,0.0,0.0,0.0,0,90,0,0.29,0,False,False,False,False,False,False
1782462795.281,0,0,0,0,0,78.14,-5.79,0.0,0.0,0.0,0.0,0.0,0,90,0,0.29,0,False,False,False,False,False,False
1782462795.305,0,0,0,0,0,78.7,-1.07,0.0,0.0,0.0,0.0,0.0,0,90,0,0.28,0,False,False,False,False,False,False
1782462795.328,0,0,0,0,0,78.35,3.69,0.0,0.0,0.0,0.0,0.0,0,90,0,0.27,0,False,False,False,False,False,False
1782462795.351,0,0,0,0,0,77.82,6.13,0.0,0.0,0.0,0.0,0.0,0,90,0,0.28,0,False,False,False,False,False,False
1782462795.376,0,0,0,0,0,77.66,6.97,0.0,0.0,0.0,0.0,0.0,0,90,0,0.29,0,False,False,False,False,False,False
1782462795.399,0,0,0,0,0,77.9,7.18,0.0,0.0,0.0,0.0,0.0,0,90,0,0.3,0,False,False,False,False,False,False
1782462795.422,0,0,0,0,0,78.29,7.32,0.0,0.0,0.0,0.0,0.0,0,90,0,0.29,0,False,False,False,False,False,False
1782462795.446,0,0,0,0,0,78.7,7.53,0.0,0.0,0.0,0.0,0.0,0,90,0,0.29,0,False,False,False,False,False,False
1782462795.469,0,0,0,0,0,79.14,7.72,0.0,0.0,0.0,0.0,0.0,0,90,1,0.35,0,False,False,False,False,False,False
1782462795.494,0,0,0,0,0,79.61,7.72,0.0,0.0,0.0,0.0,0.0,0,90,1,0.36,0,False,False,False,False,False,False
1782462795.516,0,0,0,0,0,80.06,7.47,0.0,0.0,0.0,0.0,0.0,0,90,1,0.36,0,False,False,False,False,False,False
1782462795.539,0,0,0,0,0,80.44,7.04,0.0,0.0,0.0,0.0,0.0,0,90,1,0.4,0,False,False,False,False,False,False
1782462795.562,0,0,0,0,0,80.73,6.59,0.0,0.0,0.0,0.0,0.0,0,90,1,0.47,0,False,False,False,False,False,False
1782462795.586,0,0,0,0,0,80.95,6.2,0.0,0.0,0.0,0.0,0.0,0,90,1,0.51,0,False,False,False,False,False,False
1782462795.609,0,0,0,0,0,81.1,5.9,0.0,0.0,0.0,0.0,0.0,0,90,1,0.52,0,False,False,False,False,False,False
1782462795.633,0,0,0,0,0,81.23,5.7,0.0,0.0,0.0,0.0,0.0,0,90,1,0.52,0,False,False,False,False,False,False
1782462795.656,0,0,0,0,0,81.35,5.58,0.0,0.0,0.0,0.0,0.0,0,90,1,0.53,0,False,False,False,False,False,False
1782462795.68,0,0,0,0,0,81.45,5.5,0.0,0.0,0.0,0.0,0.0,0,90,1,0.54,0,False,False,False,False,False,False
1782462795.703,0,0,0,0,0,81.52,5.43,0.0,0.0,0.0,0.0,0.0,0,90,1,0.55,0,False,False,False,False,False,False
1782462795.726,0,0,0,0,0,81.55,5.4,0.0,0.0,0.0,0.0,0.0,0,90,1,0.56,0,False,False,False,False,False,False
1782462795.75,0,0,0,0,0,81.56,5.44,0.0,0.0,0.0,0.0,0.0,0,90,1,0.56,0,False,False,False,False,False,False
1782462795.773,0,0,0,0,0,81.55,5.5,0.0,0.0,0.0,0.0,0.0,0,90,1,0.56,0,False,False,False,False,False,False
1782462795.797,0,0,0,0,0,81.55,5.51,0.0,0.0,0.0,0.0,0.0,0,90,1,0.56,0,False,False,False,False,False,False
1782462795.82,0,0,0,0,0,81.55,5.46,0.0,0.0,0.0,0.0,0.0,0,90,1,0.56,0,False,False,False,False,False,False
1782462795.844,0,0,0,0,0,81.58,5.39,0.0,0.0,0.0,0.0,0.0,0,90,1,0.56,0,False,False,False,False,False,False
1782462795.867,0,0,0,0,0,81.66,5.34,0.0,0.0,0.0,0.0,0.0,0,90,1,0.56,0,False,False,False,False,False,False
1782462795.89,0,0,0,0,0,81.76,5.32,0.0,0.0,0.0,0.0,0.0,0,90,1,0.56,0,False,False,False,False,False,False
1782462795.914,0,0,0,0,0,81.82,5.33,0.0,0.0,0.0,0.0,0.0,0,90,1,0.56,0,False,False,False,False,False,False
1782462795.937,0,0,0,0,0,81.82,5.33,0.0,0.0,0.0,0.0,0.0,0,90,1,0.56,0,False,False,False,False,False,False
1782462795.96,0,0,0,0,0,81.84,5.13,0.0,0.0,0.0,0.0,0.0,0,90,1,0.56,0,False,False,False,False,False,False
1782462795.984,0,0,0,0,0,81.94,4.58,0.0,0.0,0.0,0.0,0.0,0,90,1,0.56,0,False,False,False,False,False,False
1782462796.007,0,0,0,0,0,82.06,4.01,0.0,0.0,0.0,0.0,0.0,0,90,1,0.56,0,False,False,False,False,False,False
1782462796.031,0,0,0,0,0,82.16,3.68,0.0,0.0,0.0,0.0,0.0,0,90,1,0.56,0,False,False,False,False,False,False
1782462796.054,0,0,0,0,0,82.21,3.52,0.0,0.0,0.0,0.0,0.0,0,90,1,0.56,0,False,False,False,False,False,False
1782462796.078,0,0,0,0,0,82.19,3.44,0.0,0.0,0.0,0.0,0.0,0,90,1,0.56,0,False,False,False,False,False,False
1782462796.101,0,0,0,0,0,82.11,3.42,0.0,0.0,0.0,0.0,0.0,0,90,1,0.56,0,False,False,False,False,False,False
1782462796.125,0,0,0,0,0,82.01,3.43,0.0,0.0,0.0,0.0,0.0,0,90,1,0.56,0,False,False,False,False,False,False
1782462796.148,0,0,0,0,0,81.92,3.43,0.0,0.0,0.0,0.0,0.0,0,90,1,0.56,0,False,False,False,False,False,False
1782462796.172,0,0,0,0,0,81.87,3.39,0.0,0.0,0.0,0.0,0.0,0,90,1,0.56,0,False,False,False,False,False,False
1782462796.195,0,0,0,0,0,81.82,3.39,0.0,0.0,0.0,0.0,0.0,0,90,1,0.56,0,False,False,False,False,False,False
1782462796.219,0,0,0,0,0,81.78,3.37,0.0,0.0,0.0,0.0,0.0,0,90,1,0.56,0,False,False,False,False,False,False
1782462796.242,0,0,0,0,0,81.72,3.3,0.0,0.0,0.0,0.0,0.0,0,90,1,0.56,0,False,False,False,False,False,False
1782462796.266,0,0,0,0,0,81.5,3.28,0.0,0.0,0.0,0.0,0.0,0,90,1,0.55,0,False,False,False,False,False,False
1782462796.289,0,0,0,0,0,81.08,3.41,0.0,0.0,0.0,0.0,0.0,0,90,1,0.55,0,False,False,False,False,False,False
1782462796.312,0,0,0,0,0,80.76,3.66,0.0,0.0,0.0,0.0,0.0,0,90,1,0.55,0,False,False,False,False,False,False
1782462796.335,0,0,0,0,0,80.39,3.95,0.0,0.0,0.0,0.0,0.0,0,90,1,0.55,0,False,False,False,False,False,False
1782462796.361,0,0,0,0,0,79.21,4.15,0.0,0.0,0.0,0.0,0.0,0,90,1,0.55,0,False,False,False,False,False,False
1782462796.385,0,0,0,0,0,77.26,4.15,0.0,0.0,0.0,0.0,0.0,0,90,1,0.55,0,False,False,False,False,False,False
1782462796.407,0,0,0,0,0,74.98,3.99,0.0,0.0,0.0,0.0,0.0,0,90,1,0.55,0,False,False,False,False,False,False
1782462796.431,0,0,0,0,0,72.35,3.89,0.0,0.0,0.0,0.0,0.0,0,90,1,0.54,0,False,False,False,False,False,False
1782462796.454,0,0,0,0,0,69.21,4.04,0.0,0.0,0.0,0.0,0.0,0,90,1,0.54,0,False,False,False,False,False,False
1782462796.478,0,0,0,0,0,65.57,4.41,0.0,0.0,0.0,0.0,0.0,0,90,1,0.54,0,False,False,False,False,False,False
1782462796.501,0,0,0,0,0,61.62,4.69,0.0,0.0,0.0,0.0,0.0,0,90,1,0.54,0,False,False,False,False,False,False
1782462796.524,0,0,0,0,0,57.6,4.49,0.0,0.0,0.0,0.0,0.0,0,90,1,0.53,0,False,False,False,False,False,False
1782462796.547,0,0,0,0,0,53.71,3.67,0.0,0.0,0.0,0.0,0.0,0,90,1,0.52,0,False,False,False,False,False,False
1782462796.571,0,0,0,0,0,49.99,2.93,0.0,0.0,0.0,0.0,0.0,0,90,1,0.51,0,False,False,False,False,False,False
1782462796.594,0,0,0,0,0,46.35,2.35,0.0,0.0,0.0,0.0,0.0,0,90,1,0.51,0,False,False,False,False,False,False
1782462796.619,0,0,0,0,0,42.61,0.83,0.0,0.0,0.0,0.0,0.0,0,90,1,0.51,0,False,False,False,False,False,False
1782462796.641,0,0,0,0,0,38.71,-1.25,0.0,0.0,0.0,0.0,0.0,0,90,1,0.51,0,False,False,False,False,False,False
1782462796.665,0,0,0,0,0,34.72,-2.88,0.0,0.0,0.0,0.0,0.0,0,90,1,0.5,0,False,False,False,False,False,False
1782462796.688,0,0,0,0,0,30.91,-4.19,0.0,0.0,0.0,0.0,0.0,0,90,1,0.5,0,False,False,False,False,False,False
1782462796.711,0,0,0,0,0,27.4,-5.55,0.0,0.0,0.0,0.0,0.0,0,90,1,0.5,0,False,False,False,False,False,False
1782462796.735,0,0,0,0,0,23.97,-7.03,0.0,0.0,0.0,0.0,0.0,0,90,1,0.49,0,False,False,False,False,False,False
1782462796.759,0,0,0,0,0,20.35,-8.41,0.0,0.0,0.0,0.0,0.0,0,90,1,0.46,0,False,False,False,False,False,False
1782462796.782,0,0,0,0,0,16.32,-9.4,0.0,0.0,0.0,0.0,0.0,0,90,1,0.45,0,False,False,False,False,False,False
1782462796.806,0,0,0,0,0,11.96,-9.82,0.0,0.0,0.0,0.0,0.0,0,90,1,0.45,0,False,False,False,False,False,False
1782462796.829,0,0,0,0,0,7.76,-9.71,0.0,0.0,0.0,0.0,0.0,0,90,1,0.41,0,False,False,False,False,False,False
1782462796.853,0,0,0,0,0,4.3,-9.2,0.0,0.0,0.0,0.0,0.0,0,90,1,0.32,0,False,False,False,False,False,False
1782462796.877,0,0,0,0,0,1.75,-8.53,0.0,0.0,0.0,0.0,0.0,0,90,0,0.25,0,False,False,False,False,False,False
1782462796.9,0,0,0,0,0,-0.11,-8.13,0.0,0.0,0.0,0.0,0.0,0,90,0,0.24,0,False,False,False,False,False,False
1782462796.923,0,0,0,0,0,-1.56,-8.3,0.0,0.0,0.0,0.0,0.0,0,90,0,0.24,0,False,False,False,False,False,False
1782462796.946,0,0,0,0,0,-2.8,-8.82,0.0,0.0,0.0,0.0,0.0,0,90,0,0.2,0,False,False,False,False,False,False
1782462796.97,0,0,0,0,0,-3.87,-9.02,0.0,0.0,0.0,0.0,0.0,0,90,0,0.15,0,False,False,False,False,False,False
1782462796.993,0,0,0,0,0,-4.72,-8.59,0.0,0.0,0.0,0.0,0.0,0,90,0,0.11,0,False,False,False,False,False,False
1782462797.017,0,0,0,0,0,-5.34,-7.74,0.0,0.0,0.0,0.0,0.0,0,90,0,0.09,0,False,False,False,False,False,False
1782462797.039,0,0,0,0,0,-5.72,-6.8,0.0,0.0,0.0,0.0,0.0,0,90,0,0.09,0,False,False,False,False,False,False
1782462797.063,0,0,0,0,0,-5.86,-5.88,0.0,0.0,0.0,0.0,0.0,0,90,0,0.1,0,False,False,False,False,False,False
1782462797.087,0,0,0,0,0,-5.92,-5.04,0.0,0.0,0.0,0.0,0.0,0,90,0,0.11,0,False,False,False,False,False,False
1782462797.11,0,0,0,0,0,-6.11,-4.38,0.0,0.0,0.0,0.0,0.0,0,90,0,0.11,0,False,False,False,False,False,False
1782462797.133,0,0,0,0,0,-6.37,-4.11,0.0,0.0,0.0,0.0,0.0,0,90,0,0.1,0,False,False,False,False,False,False
1782462797.155,0,0,0,0,0,-6.54,-4.24,0.0,0.0,0.0,0.0,0.0,0,90,0,0.1,0,False,False,False,False,False,False
1782462797.179,0,0,0,0,0,-6.56,-4.57,0.0,0.0,0.0,0.0,0.0,0,90,0,0.1,0,False,False,False,False,False,False
1782462797.202,0,0,0,0,0,-6.49,-4.87,0.0,0.0,0.0,0.0,0.0,0,90,0,0.11,0,False,False,False,False,False,False
1782462797.225,0,0,0,0,0,-6.38,-5.01,0.0,0.0,0.0,0.0,0.0,0,90,0,0.12,0,False,False,False,False,False,False
1782462797.249,0,0,0,0,0,-6.28,-5.02,0.0,0.0,0.0,0.0,0.0,0,90,0,0.12,0,False,False,False,False,False,False
1782462797.273,0,0,0,0,0,-6.19,-5.01,0.0,0.0,0.0,0.0,0.0,0,90,0,0.12,0,False,False,False,False,False,False
1782462797.296,0,0,0,0,0,-6.11,-5.01,0.0,0.0,0.0,0.0,0.0,0,90,0,0.13,0,False,False,False,False,False,False
1782462797.319,0,0,0,0,0,-6.02,-5.04,0.0,0.0,0.0,0.0,0.0,0,90,0,0.14,0,False,False,False,False,False,False
1782462797.343,0,0,0,0,0,-5.93,-5.04,0.0,0.0,0.0,0.0,0.0,0,90,0,0.14,0,False,False,False,False,False,False
1782462797.365,0,0,0,0,0,-5.81,-5.1,0.0,0.0,0.0,0.0,0.0,0,90,0,0.15,0,False,False,False,False,False,False
1782462797.39,0,0,0,0,0,-5.69,-5.29,0.0,0.0,0.0,0.0,0.0,0,90,0,0.15,0,False,False,False,False,False,False
1782462797.413,0,0,0,0,0,-5.58,-5.53,0.0,0.0,0.0,0.0,0.0,0,90,0,0.15,0,False,False,False,False,False,False
1782462797.437,0,0,0,0,0,-5.49,-5.72,0.0,0.0,0.0,0.0,0.0,0,90,0,0.16,0,False,False,False,False,False,False
1782462797.459,0,0,0,0,0,-5.41,-5.89,0.0,0.0,0.0,0.0,0.0,0,90,0,0.16,0,False,False,False,False,False,False
1782462797.484,0,0,0,0,0,-5.33,-6.05,0.0,0.0,0.0,0.0,0.0,0,90,0,0.16,0,False,False,False,False,False,False
1782462797.506,0,0,0,0,0,-5.26,-6.15,0.0,0.0,0.0,0.0,0.0,0,90,0,0.16,0,False,False,False,False,False,False
1782462797.53,0,0,0,0,0,-5.17,-6.18,0.0,0.0,0.0,0.0,0.0,0,90,0,0.16,0,False,False,False,False,False,False
1782462797.553,0,0,0,0,0,-5.07,-6.14,0.0,0.0,0.0,0.0,0.0,0,90,0,0.16,0,False,False,False,False,False,False
1782462797.576,0,0,0,0,0,-4.97,-6.08,0.0,0.0,0.0,0.0,0.0,0,90,0,0.16,0,False,False,False,False,False,False
1782462797.6,0,0,0,0,0,-4.87,-6.03,0.0,0.0,0.0,0.0,0.0,0,90,0,0.16,0,False,False,False,False,False,False
1782462797.624,0,0,0,0,0,-4.78,-5.98,0.0,0.0,0.0,0.0,0.0,0,90,0,0.16,0,False,False,False,False,False,False
1782462797.647,0,0,0,0,0,-4.71,-6.0,0.0,0.0,0.0,0.0,0.0,0,90,0,0.16,0,False,False,False,False,False,False
1782462797.67,0,0,0,0,0,-4.66,-6.05,0.0,0.0,0.0,0.0,0.0,0,90,0,0.16,0,False,False,False,False,False,False
1782462797.693,0,0,0,0,0,-4.6,-6.04,0.0,0.0,0.0,0.0,0.0,0,90,0,0.16,0,False,False,False,False,False,False
1782462797.717,0,0,0,0,0,-4.49,-5.96,0.0,0.0,0.0,0.0,0.0,0,90,0,0.16,0,False,False,False,False,False,False
1782462797.74,0,0,0,0,0,-4.34,-5.92,0.0,0.0,0.0,0.0,0.0,0,90,0,0.16,0,False,False,False,False,False,False
1782462797.764,0,0,0,0,0,-4.17,-5.91,0.0,0.0,0.0,0.0,0.0,0,90,0,0.16,0,False,False,False,False,False,False
1782462797.787,0,0,0,0,0,-3.98,-5.51,0.0,0.0,0.0,0.0,0.0,0,90,0,0.16,0,False,False,False,False,False,False
1782462797.812,0,0,0,0,0,-3.74,-4.46,0.0,0.0,0.0,0.0,0.0,0,90,0,0.16,0,False,False,False,False,False,False
1782462797.835,0,0,0,0,0,-3.52,-3.37,0.0,0.0,0.0,0.0,0.0,0,90,0,0.16,0,False,False,False,False,False,False
1782462797.859,0,0,0,0,0,-3.37,-2.67,0.0,0.0,0.0,0.0,0.0,0,90,0,0.16,0,False,False,False,False,False,False
1782462797.881,0,0,0,0,0,-3.29,-2.19,0.0,0.0,0.0,0.0,0.0,0,90,0,0.16,0,False,False,False,False,False,False
1782462797.904,0,0,0,0,0,-3.24,-1.78,0.0,0.0,0.0,0.0,0.0,0,90,0,0.16,0,False,False,False,False,False,False
1782462797.928,0,0,0,0,0,-3.18,-1.43,0.0,0.0,0.0,0.0,0.0,0,90,0,0.17,0,False,False,False,False,False,False
1782462797.95,0,0,0,0,0,-3.12,-1.22,0.0,0.0,0.0,0.0,0.0,0,90,0,0.17,0,False,False,False,False,False,False
1782462797.975,0,0,0,0,0,-3.05,-1.14,0.0,0.0,0.0,0.0,0.0,0,90,0,0.17,0,False,False,False,False,False,False
1782462797.997,0,0,0,0,0,-2.98,-1.15,0.0,0.0,0.0,0.0,0.0,0,90,0,0.18,0,False,False,False,False,False,False
1782462798.02,0,0,0,0,0,-2.9,-1.22,0.0,0.0,0.0,0.0,0.0,0,90,0,0.17,0,False,False,False,False,False,False
1782462798.044,0,0,0,0,0,-2.83,-1.3,0.0,0.0,0.0,0.0,0.0,0,90,0,0.17,0,False,False,False,False,False,False
1782462798.068,0,0,0,0,0,-2.77,-1.38,0.0,0.0,0.0,0.0,0.0,0,90,0,0.18,0,False,False,False,False,False,False
1782462798.087,0,0,0,0,0,-2.71,-1.45,0.0,0.0,0.0,0.0,0.0,0,90,0,0.18,0,False,False,False,False,False,False
1782462798.11,0,0,0,0,0,-2.64,-1.52,0.0,0.0,0.0,0.0,0.0,0,90,0,0.18,0,False,False,False,False,False,False
1782462798.133,0,0,0,0,0,-2.58,-1.59,0.0,0.0,0.0,0.0,0.0,0,90,0,0.18,0,False,False,False,False,False,False
1782462798.157,0,0,0,0,0,-2.51,-1.66,0.0,0.0,0.0,0.0,0.0,0,90,0,0.17,0,False,False,False,False,False,False
1782462798.18,0,0,0,0,0,-2.44,-1.73,0.0,0.0,0.0,0.0,0.0,0,90,0,0.17,0,False,False,False,False,False,False
1782462798.204,0,0,0,0,0,-2.37,-1.8,0.0,0.0,0.0,0.0,0.0,0,90,0,0.16,0,False,False,False,False,False,False
1782462798.229,0,0,0,0,0,-2.3,-1.86,0.0,0.0,0.0,0.0,0.0,0,90,0,0.16,0,False,False,False,False,False,False
1782462798.252,0,0,0,0,0,-2.23,-1.93,0.0,0.0,0.0,0.0,0.0,0,90,0,0.16,0,False,False,False,False,False,False
1782462798.276,0,0,0,0,0,-2.17,-2.0,0.0,0.0,0.0,0.0,0.0,0,90,0,0.16,0,False,False,False,False,False,False
1782462798.299,0,0,0,0,0,-2.1,-2.07,0.0,0.0,0.0,0.0,0.0,0,90,0,0.16,0,False,False,False,False,False,False
1782462798.323,0,0,0,0,0,-2.03,-2.14,0.0,0.0,0.0,0.0,0.0,0,90,0,0.16,0,False,False,False,False,False,False
1782462798.346,0,0,0,0,0,-1.97,-2.21,0.0,0.0,0.0,0.0,0.0,0,90,0,0.16,0,False,False,False,False,False,False
1782462798.369,0,0,0,0,0,-1.9,-2.28,0.0,0.0,0.0,0.0,0.0,0,90,0,0.15,0,False,False,False,False,False,False
1782462798.392,0,0,0,0,0,-1.84,-2.37,0.0,0.0,0.0,0.0,0.0,0,90,0,0.14,0,False,False,False,False,False,False
1782462798.417,0,0,0,0,0,-1.78,-2.47,0.0,0.0,0.0,0.0,0.0,0,90,0,0.14,0,False,False,False,False,False,False
1782462798.441,0,0,0,0,0,-1.74,-2.62,0.0,0.0,0.0,0.0,0.0,0,90,0,0.14,0,False,False,False,False,False,False
1782462798.464,0,0,0,0,0,-1.73,-2.82,0.0,0.0,0.0,0.0,0.0,0,90,0,0.13,0,False,False,False,False,False,False
1782462798.488,0,0,0,0,0,-1.75,-3.11,0.0,0.0,0.0,0.0,0.0,0,90,0,0.12,0,False,False,False,False,False,False
1782462798.511,0,0,0,0,0,-1.76,-3.5,0.0,0.0,0.0,0.0,0.0,0,90,0,0.12,0,False,False,False,False,False,False
1782462798.535,0,0,0,0,0,-1.74,-3.99,0.0,0.0,0.0,0.0,0.0,0,90,0,0.12,0,False,False,False,False,False,False
1782462798.558,0,0,0,0,0,-1.7,-4.49,0.0,0.0,0.0,0.0,0.0,0,90,0,0.11,0,False,False,False,False,False,False
1782462798.58,0,0,0,0,0,-1.64,-4.9,0.0,0.0,0.0,0.0,0.0,0,90,0,0.1,0,False,False,False,False,False,False
1782462798.604,0,0,0,0,0,-1.57,-5.18,0.0,0.0,0.0,0.0,0.0,0,90,0,0.09,0,False,False,False,False,False,False
1782462798.628,0,0,0,0,0,-1.48,-5.33,0.0,0.0,0.0,0.0,0.0,0,90,0,0.08,0,False,False,False,False,False,False
1782462798.651,0,0,0,0,0,-1.39,-5.39,0.0,0.0,0.0,0.0,0.0,0,90,0,0.08,0,False,False,False,False,False,False
1782462798.675,0,0,0,0,0,-1.29,-5.4,0.0,0.0,0.0,0.0,0.0,0,90,0,0.08,0,False,False,False,False,False,False
1782462798.698,0,0,0,0,0,-1.22,-5.42,0.0,0.0,0.0,0.0,0.0,0,90,0,0.07,0,False,False,False,False,False,False
1782462798.721,0,0,0,0,0,-1.17,-5.44,0.0,0.0,0.0,0.0,0.0,0,90,0,0.06,0,False,False,False,False,False,False
1782462798.744,0,0,0,0,0,-1.15,-5.44,0.0,0.0,0.0,0.0,0.0,0,90,0,0.05,0,False,False,False,False,False,False
1782462798.767,0,0,0,0,0,-1.14,-5.43,0.0,0.0,0.0,0.0,0.0,0,90,0,0.05,0,False,False,False,False,False,False
1782462798.791,0,0,0,0,0,-1.11,-5.6,0.0,0.0,0.0,0.0,0.0,0,90,0,0.05,0,False,False,False,False,False,False
1782462798.814,0,0,0,0,0,-1.11,-6.07,0.0,0.0,0.0,0.0,0.0,0,90,0,0.05,0,False,False,False,False,False,False
1782462798.84,0,0,0,0,0,-1.16,-6.68,0.0,0.0,0.0,0.0,0.0,0,90,0,0.05,0,False,False,False,False,False,False
1782462798.862,0,0,0,0,0,-1.27,-7.06,0.0,0.0,0.0,0.0,0.0,0,90,0,0.04,0,False,False,False,False,False,False
1782462798.885,0,0,0,0,0,-1.28,-7.02,0.0,0.0,0.0,0.0,0.0,0,90,0,0.04,0,False,False,False,False,False,False
1782462798.91,0,0,0,0,0,-1.52,-7.56,0.0,0.0,0.0,0.0,0.0,0,90,0,0.04,0,False,False,False,False,False,False
1782462798.932,0,0,0,0,0,-2.32,-9.71,0.0,0.0,0.0,0.0,0.0,0,90,0,0.04,0,False,False,False,False,False,False
1782462798.956,0,0,0,0,0,-3.13,-12.69,0.0,0.0,0.0,0.0,0.0,0,90,0,0.04,0,False,False,False,False,False,False
1782462798.981,0,0,0,0,0,-3.31,-15.52,0.0,0.0,0.0,0.0,0.0,0,90,0,0.04,0,False,False,False,False,False,False
1782462799.005,0,0,0,0,0,-2.77,-18.15,0.0,0.0,0.0,0.0,0.0,0,90,0,0.04,0,False,False,False,False,False,False
1782462799.029,0,0,0,0,0,-2.13,-20.8,0.0,0.0,0.0,0.0,0.0,0,90,0,0.05,0,False,False,False,False,False,False
1782462799.052,0,0,0,0,0,-1.43,-23.68,0.0,0.0,0.0,0.0,0.0,0,90,0,0.05,0,False,False,False,False,False,False
1782462799.076,0,0,0,0,0,0.3,-26.85,0.0,0.0,0.0,0.0,0.0,0,90,0,0.05,0,False,False,False,False,False,False
1782462799.1,0,0,0,0,0,2.71,-30.31,0.0,0.0,0.0,0.0,0.0,0,90,0,0.06,0,False,False,False,False,False,False
1782462799.123,0,0,0,0,0,4.86,-33.96,0.0,0.0,0.0,0.0,0.0,0,90,0,0.07,0,False,False,False,False,False,False
1782462799.142,0,0,0,0,0,6.58,-37.46,0.0,0.0,0.0,0.0,0.0,0,90,0,0.07,0,False,False,False,False,False,False
1782462799.166,0,0,0,0,0,8.03,-40.53,0.0,0.0,0.0,0.0,0.0,0,90,0,0.07,0,False,False,False,False,False,False
1782462799.19,0,0,0,0,0,9.43,-43.17,0.0,0.0,0.0,0.0,0.0,0,90,0,0.07,0,False,False,False,False,False,False
1782462799.214,0,0,0,0,0,10.81,-45.48,0.0,0.0,0.0,0.0,0.0,0,90,0,0.07,0,False,False,False,False,False,False
1782462799.232,0,0,0,0,0,12.01,-47.47,0.0,0.0,0.0,0.0,0.0,0,90,0,0.07,0,False,False,False,False,False,False
1782462799.256,0,0,0,0,0,12.83,-49.19,0.0,0.0,0.0,0.0,0.0,0,90,0,0.07,0,False,False,False,False,False,False
1782462799.281,0,0,0,0,0,13.21,-50.74,0.0,0.0,0.0,0.0,0.0,0,90,0,0.07,0,False,False,False,False,False,False
1782462799.304,0,0,0,0,0,13.2,-52.22,0.0,0.0,0.0,0.0,0.0,0,90,0,0.07,0,False,False,False,False,False,False
1782462799.322,0,0,0,0,0,12.94,-53.54,0.0,0.0,0.0,0.0,0.0,0,90,0,0.07,0,False,False,False,False,False,False
1782462799.346,0,0,0,0,0,12.55,-54.69,0.0,0.0,0.0,0.0,0.0,0,90,0,0.08,0,False,False,False,False,False,False
1782462799.371,0,0,0,0,0,12.13,-55.76,0.0,0.0,0.0,0.0,0.0,0,90,0,0.08,0,False,False,False,False,False,False
1782462799.393,0,0,0,0,0,11.73,-56.83,0.0,0.0,0.0,0.0,0.0,0,90,0,0.08,0,False,False,False,False,False,False
1782462799.417,0,0,0,0,0,11.38,-57.94,0.0,0.0,0.0,0.0,0.0,0,90,0,0.08,0,False,False,False,False,False,False
1782462799.442,0,0,0,0,0,11.16,-59.17,0.0,0.0,0.0,0.0,0.0,0,90,0,0.08,0,False,False,False,False,False,False
1782462799.466,0,0,0,0,0,11.43,-60.66,0.0,0.0,0.0,0.0,0.0,0,90,0,0.08,0,False,False,False,False,False,False
1782462799.489,0,0,0,0,0,12.03,-62.54,0.0,0.0,0.0,0.0,0.0,0,90,0,0.08,0,False,False,False,False,False,False
1782462799.514,0,0,0,0,0,12.16,-64.68,0.0,0.0,0.0,0.0,0.0,0,90,0,0.08,0,False,False,False,False,False,False
1782462799.537,0,0,0,0,0,12.1,-66.83,0.0,0.0,0.0,0.0,0.0,0,90,0,0.08,0,False,False,False,False,False,False
1782462799.561,0,0,0,0,0,15.69,-68.79,0.0,0.0,0.0,0.0,0.0,0,90,0,0.08,0,False,False,False,False,False,False
1782462799.585,0,0,0,0,0,25.48,-70.42,0.0,0.0,0.0,0.0,0.0,0,90,0,0.08,0,False,False,False,False,False,False
1782462799.609,0,0,0,0,0,36.35,-71.65,0.0,0.0,0.0,0.0,0.0,0,90,0,0.12,0,False,False,False,False,False,False
1782462799.633,0,0,0,0,0,43.25,-72.45,0.0,0.0,0.0,0.0,0.0,0,90,0,0.19,0,False,False,False,False,False,False
1782462799.657,0,0,0,0,0,46.52,-72.9,0.0,0.0,0.0,0.0,0.0,0,90,0,0.21,0,False,False,False,False,False,False
1782462799.68,0,0,0,0,0,47.96,-73.11,0.0,0.0,0.0,0.0,0.0,0,90,0,0.23,0,False,False,False,False,False,False
1782462799.705,0,0,0,0,0,48.86,-73.23,0.0,0.0,0.0,0.0,0.0,0,90,1,0.46,0,False,False,False,False,False,False
1782462799.728,0,0,0,0,0,49.77,-73.37,0.0,0.0,0.0,0.0,0.0,0,90,1,0.86,0,False,False,False,False,False,False
1782462799.752,0,0,0,0,0,50.71,-73.55,0.0,0.0,0.0,0.0,0.0,0,90,1,1.17,0,False,False,False,False,False,False
1782462799.776,0,0,0,0,0,51.65,-73.72,0.0,0.0,0.0,0.0,0.0,0,90,1,1.23,0,False,False,False,False,False,False
1782462799.8,0,0,0,0,0,52.71,-73.83,0.0,0.0,0.0,0.0,0.0,0,90,1,1.25,0,False,False,False,False,False,False
1782462799.823,0,0,0,0,0,54.15,-73.88,0.0,0.0,0.0,0.0,0.0,0,90,1,1.48,0,False,False,False,False,False,False
1782462799.848,0,0,0,0,0,56.06,-73.89,0.0,0.0,0.0,0.0,0.0,0,90,1,1.87,0,False,False,False,False,False,False
1782462799.871,0,0,0,0,0,58.38,-73.9,0.0,0.0,0.0,0.0,0.0,0,90,1,2.19,0,False,False,False,False,False,False
1782462799.895,0,0,0,0,0,60.89,-73.92,0.0,0.0,0.0,0.0,0.0,0,90,1,2.31,0,False,False,False,False,False,False
1782462799.919,0,0,0,0,0,63.3,-73.91,0.0,0.0,0.0,0.0,0.0,0,90,1,2.31,0,False,False,False,False,False,False
1782462799.943,0,0,0,0,0,65.39,-73.98,0.0,0.0,0.0,0.0,0.0,0,90,1,2.35,0,False,False,False,False,False,False
1782462799.967,0,0,0,0,0,67.24,-74.18,0.0,0.0,0.0,0.0,0.0,0,90,1,2.49,0,False,False,False,False,False,False
1782462799.991,0,0,0,0,0,69.28,-74.33,0.0,0.0,0.0,0.0,0.0,0,90,1,2.65,0,False,False,False,False,False,False
1782462800.014,0,0,0,0,0,71.85,-74.23,0.0,0.0,0.0,0.0,0.0,0,90,1,2.74,0,False,False,False,False,False,False
1782462800.039,0,0,0,0,0,74.81,-73.88,0.0,0.0,0.0,0.0,0.0,0,90,1,2.75,0,False,False,False,False,False,False
1782462800.062,0,0,0,0,0,77.38,-73.41,0.0,0.0,0.0,0.0,0.0,0,90,1,2.75,0,False,False,False,False,False,False
1782462800.081,0,0,0,0,0,78.75,-72.96,0.0,0.0,0.0,0.0,0.0,0,90,1,2.78,0,False,False,False,False,False,False
1782462800.105,0,0,0,0,0,79.02,-72.62,0.0,0.0,0.0,0.0,0.0,0,90,1,2.82,0,False,False,False,False,False,False
1782462800.127,0,0,0,0,0,78.86,-72.38,0.0,0.0,0.0,0.0,0.0,0,90,1,2.83,0,False,False,False,False,False,False
1782462800.152,0,0,0,0,0,78.68,-72.22,0.0,0.0,0.0,0.0,0.0,0,90,1,2.83,0,False,False,False,False,False,False
1782462800.175,0,0,0,0,0,78.6,-72.1,0.0,0.0,0.0,0.0,0.0,0,90,1,2.83,0,False,False,False,False,False,False
1782462800.2,0,0,0,0,0,78.59,-71.97,0.0,0.0,0.0,0.0,0.0,0,90,1,2.84,0,False,False,False,False,False,False
1782462800.218,0,0,0,0,0,78.61,-71.82,0.0,0.0,0.0,0.0,0.0,0,90,1,2.84,0,False,False,False,False,False,False
1782462800.242,0,0,0,0,0,78.62,-71.64,0.0,0.0,0.0,0.0,0.0,0,90,1,2.84,0,False,False,False,False,False,False
1782462800.266,0,0,0,0,0,78.62,-71.45,0.0,0.0,0.0,0.0,0.0,0,90,1,2.85,0,False,False,False,False,False,False
1782462800.289,0,0,0,0,0,78.62,-71.25,0.0,0.0,0.0,0.0,0.0,0,90,1,2.86,0,False,False,False,False,False,False
1782462800.314,0,0,0,0,0,78.62,-71.07,0.0,0.0,0.0,0.0,0.0,0,90,1,2.87,0,False,False,False,False,False,False
1782462800.338,0,0,0,0,0,78.62,-70.93,0.0,0.0,0.0,0.0,0.0,0,90,1,2.87,0,False,False,False,False,False,False
1782462800.361,0,0,0,0,0,78.62,-70.81,0.0,0.0,0.0,0.0,0.0,0,90,1,2.87,0,False,False,False,False,False,False
1782462800.386,0,0,0,0,0,78.62,-70.66,0.0,0.0,0.0,0.0,0.0,0,90,1,2.87,0,False,False,False,False,False,False
1782462800.41,0,0,0,0,0,78.62,-70.48,0.0,0.0,0.0,0.0,0.0,0,90,1,2.88,0,False,False,False,False,False,False
1782462800.429,0,0,0,0,0,78.62,-70.25,0.0,0.0,0.0,0.0,0.0,0,90,1,2.88,0,False,False,False,False,False,False
1782462800.453,0,0,0,0,0,78.62,-70.01,0.0,0.0,0.0,0.0,0.0,0,90,1,2.88,0,False,False,False,False,False,False
1782462800.477,0,0,0,0,0,78.62,-69.75,0.0,0.0,0.0,0.0,0.0,0,90,1,2.87,0,False,False,False,False,False,False
1782462800.5,0,0,0,0,0,78.62,-69.48,0.0,0.0,0.0,0.0,0.0,0,90,1,2.87,0,False,False,False,False,False,False
1782462800.524,0,0,0,0,0,78.62,-69.22,0.0,0.0,0.0,0.0,0.0,0,90,1,2.87,0,False,False,False,False,False,False
1782462800.548,0,0,0,0,0,78.62,-68.98,0.0,0.0,0.0,0.0,0.0,0,90,1,2.87,0,False,False,False,False,False,False
1782462800.572,0,0,0,0,0,78.62,-68.78,0.0,0.0,0.0,0.0,0.0,0,90,1,2.87,0,False,False,False,False,False,False
1782462800.596,0,0,0,0,0,78.62,-68.62,0.0,0.0,0.0,0.0,0.0,0,90,1,2.85,0,False,False,False,False,False,False
1782462800.62,0,0,0,0,0,78.62,-68.52,0.0,0.0,0.0,0.0,0.0,0,90,1,2.84,0,False,False,False,False,False,False
1782462800.645,0,0,0,0,0,78.62,-68.48,0.0,0.0,0.0,0.0,0.0,0,90,1,2.82,0,False,False,False,False,False,False
1782462800.668,0,0,0,0,0,78.62,-68.48,0.0,0.0,0.0,0.0,0.0,0,90,1,2.82,0,False,False,False,False,False,False
1782462800.692,0,0,0,0,0,78.62,-68.51,0.0,0.0,0.0,0.0,0.0,0,90,1,2.82,0,False,False,False,False,False,False
1782462800.716,0,0,0,0,0,78.62,-68.54,0.0,0.0,0.0,0.0,0.0,0,90,1,2.82,0,False,False,False,False,False,False
1782462800.739,0,0,0,0,0,78.62,-68.54,0.0,0.0,0.0,0.0,0.0,0,90,1,2.82,0,False,False,False,False,False,False
1782462800.764,0,0,0,0,0,78.62,-68.6,0.0,0.0,0.0,0.0,0.0,0,90,1,2.81,0,False,False,False,False,False,False
1782462800.79,0,0,0,0,0,78.62,-68.83,0.0,0.0,0.0,0.0,0.0,0,90,1,2.81,0,False,False,False,False,False,False
1782462800.813,0,0,0,0,0,78.62,-69.21,0.0,0.0,0.0,0.0,0.0,0,90,1,2.81,0,False,False,False,False,False,False
1782462800.836,0,0,0,0,0,78.62,-69.69,0.0,0.0,0.0,0.0,0.0,0,90,1,2.81,0,False,False,False,False,False,False
1782462800.86,0,0,0,0,0,78.62,-70.27,0.0,0.0,0.0,0.0,0.0,0,90,1,2.81,0,False,False,False,False,False,False
1782462800.884,0,0,0,0,0,78.62,-70.94,0.0,0.0,0.0,0.0,0.0,0,90,1,2.81,0,False,False,False,False,False,False
1782462800.903,0,0,0,0,0,78.62,-71.7,0.0,0.0,0.0,0.0,0.0,0,90,1,2.81,0,False,False,False,False,False,False
1782462800.926,0,0,0,0,0,78.62,-72.54,0.0,0.0,0.0,0.0,0.0,0,90,1,2.81,0,False,False,False,False,False,False
1782462800.951,0,0,0,0,0,78.36,-73.46,0.0,0.0,0.0,0.0,0.0,0,90,1,2.81,0,False,False,False,False,False,False
1782462800.974,0,0,0,0,0,76.49,-74.33,0.0,0.0,0.0,0.0,0.0,0,90,1,2.81,0,False,False,False,False,False,False
1782462800.999,0,0,0,0,0,71.3,-74.99,0.0,0.0,0.0,0.0,0.0,0,90,1,2.81,0,False,False,False,False,False,False
1782462801.023,0,0,0,0,0,66.92,-75.27,0.0,0.0,0.0,0.0,0.0,0,90,1,2.78,0,False,False,False,False,False,False
1782462801.047,0,0,0,0,0,63.34,-75.02,0.0,0.0,0.0,0.0,0.0,0,90,1,2.71,0,False,False,False,False,False,False
1782462801.071,0,0,0,0,0,51.75,-74.49,0.0,0.0,0.0,0.0,0.0,0,90,1,2.7,0,False,False,False,False,False,False
1782462801.094,0,0,0,0,0,35.05,-74.3,0.0,0.0,0.0,0.0,0.0,0,90,1,2.71,0,False,False,False,False,False,False
1782462801.118,0,0,0,0,0,21.67,-74.31,0.0,0.0,0.0,0.0,0.0,0,90,1,2.54,0,False,False,False,False,False,False
1782462801.142,0,0,0,0,0,12.43,-72.21,0.0,0.0,0.0,0.0,0.0,0,90,1,2.16,0,False,False,False,False,False,False
1782462801.167,0,0,0,0,0,5.76,-66.25,0.0,0.0,0.0,0.0,0.0,0,90,1,1.87,0,False,False,False,False,False,False
1782462801.189,0,0,0,0,0,0.3,-58.89,0.0,0.0,0.0,0.0,0.0,0,90,1,2.01,0,False,False,False,False,False,False
1782462801.214,0,0,0,0,0,-4.53,-52.62,0.0,0.0,0.0,0.0,0.0,0,90,1,2.44,0,False,False,False,False,False,False
1782462801.238,0,0,0,0,0,-8.66,-47.36,0.0,0.0,0.0,0.0,0.0,0,90,1,2.67,0,False,False,False,False,False,False
1782462801.261,0,0,0,0,0,-11.99,-42.44,0.0,0.0,0.0,0.0,0.0,0,90,1,2.48,0,False,False,False,False,False,False
1782462801.28,0,0,0,0,0,-14.45,-37.55,0.0,0.0,0.0,0.0,0.0,0,90,1,2.18,0,False,False,False,False,False,False
1782462801.304,0,0,0,0,0,-16.12,-32.65,0.0,0.0,0.0,0.0,0.0,0,90,1,2.18,0,False,False,False,False,False,False
1782462801.327,0,0,0,0,0,-17.09,-27.74,0.0,0.0,0.0,0.0,0.0,0,90,1,2.49,0,False,False,False,False,False,False
1782462801.351,0,0,0,0,0,-17.29,-23.07,0.0,0.0,0.0,0.0,0.0,0,90,1,2.79,0,False,False,False,False,False,False
1782462801.371,0,0,0,0,0,-16.69,-19.06,0.0,0.0,0.0,0.0,0.0,0,90,1,2.83,0,False,False,False,False,False,False
1782462801.394,0,0,0,0,0,-15.43,-15.82,0.0,0.0,0.0,0.0,0.0,0,90,1,2.71,0,False,False,False,False,False,False
1782462801.417,0,0,0,0,0,-14.46,-13.04,0.0,0.0,0.0,0.0,0.0,0,90,1,2.63,0,False,False,False,False,False,False
1782462801.441,0,0,0,0,0,-13.78,-10.64,0.0,0.0,0.0,0.0,0.0,0,90,1,2.67,0,False,False,False,False,False,False
1782462801.464,0,0,0,0,0,-11.85,-8.85,0.0,0.0,0.0,0.0,0.0,0,90,1,2.74,0,False,False,False,False,False,False
1782462801.489,0,0,0,0,0,-9.19,-7.98,0.0,0.0,0.0,0.0,0.0,0,90,1,2.75,0,False,False,False,False,False,False
1782462801.51,0,0,0,0,0,-7.25,-8.17,0.0,0.0,0.0,0.0,0.0,0,90,1,2.73,0,False,False,False,False,False,False
1782462801.535,0,0,0,0,0,-5.9,-9.31,0.0,0.0,0.0,0.0,0.0,0,90,1,2.72,0,False,False,False,False,False,False
1782462801.558,0,0,0,0,0,-4.67,-11.16,0.0,0.0,0.0,0.0,0.0,0,90,1,2.74,0,False,False,False,False,False,False
1782462801.581,0,0,0,0,0,-3.63,-12.99,0.0,0.0,0.0,0.0,0.0,0,90,1,2.76,0,False,False,False,False,False,False
1782462801.606,0,0,0,0,0,-3.02,-14.02,0.0,0.0,0.0,0.0,0.0,0,90,1,2.78,0,False,False,False,False,False,False
1782462801.627,0,0,0,0,0,-2.76,-14.15,0.0,0.0,0.0,0.0,0.0,0,90,1,2.79,0,False,False,False,False,False,False
1782462801.65,0,0,0,0,0,-2.63,-13.83,0.0,0.0,0.0,0.0,0.0,0,90,1,2.79,0,False,False,False,False,False,False
1782462801.674,0,0,0,0,0,-2.48,-13.43,0.0,0.0,0.0,0.0,0.0,0,90,1,2.79,0,False,False,False,False,False,False
1782462801.698,0,0,0,0,0,-2.29,-13.12,0.0,0.0,0.0,0.0,0.0,0,90,1,2.78,0,False,False,False,False,False,False
1782462801.722,0,0,0,0,0,-2.14,-12.93,0.0,0.0,0.0,0.0,0.0,0,90,1,2.79,0,False,False,False,False,False,False
1782462801.745,0,0,0,0,0,-2.04,-12.84,0.0,0.0,0.0,0.0,0.0,0,90,1,2.8,0,False,False,False,False,False,False
1782462801.768,0,0,0,0,0,-1.98,-12.76,0.0,0.0,0.0,0.0,0.0,0,90,1,2.81,0,False,False,False,False,False,False
1782462801.792,0,0,0,0,0,-1.87,-12.64,0.0,0.0,0.0,0.0,0.0,0,90,1,2.8,0,False,False,False,False,False,False
1782462801.816,0,0,0,0,0,-1.69,-12.52,0.0,0.0,0.0,0.0,0.0,0,90,1,2.8,0,False,False,False,False,False,False
1782462801.839,0,0,0,0,0,-1.5,-12.4,0.0,0.0,0.0,0.0,0.0,0,90,1,2.79,0,False,False,False,False,False,False
1782462801.863,0,0,0,0,0,-1.34,-12.03,0.0,0.0,0.0,0.0,0.0,0,90,1,2.8,0,False,False,False,False,False,False
1782462801.886,0,0,0,0,0,-1.24,-11.55,0.0,0.0,0.0,0.0,0.0,0,90,1,2.8,0,False,False,False,False,False,False
1782462801.909,0,0,0,0,0,-1.18,-11.24,0.0,0.0,0.0,0.0,0.0,0,90,1,2.8,0,False,False,False,False,False,False
1782462801.934,0,0,0,0,0,-1.13,-11.09,0.0,0.0,0.0,0.0,0.0,0,90,1,2.8,0,False,False,False,False,False,False
1782462801.957,0,0,0,0,0,-1.09,-11.01,0.0,0.0,0.0,0.0,0.0,0,90,1,2.8,0,False,False,False,False,False,False
1782462801.979,0,0,0,0,0,-1.0,-10.88,0.0,0.0,0.0,0.0,0.0,0,90,1,2.8,0,False,False,False,False,False,False
1782462802.003,0,0,0,0,0,-0.87,-10.69,0.0,0.0,0.0,0.0,0.0,0,90,1,2.8,0,False,False,False,False,False,False
1782462802.027,0,0,0,0,0,-0.75,-10.53,0.0,0.0,0.0,0.0,0.0,0,90,1,2.8,0,False,False,False,False,False,False
1782462802.051,0,0,0,0,0,-0.67,-10.4,0.0,0.0,0.0,0.0,0.0,0,90,1,2.8,0,False,False,False,False,False,False
1782462802.074,0,0,0,0,0,-0.6,-10.3,0.0,0.0,0.0,0.0,0.0,0,90,1,2.8,0,False,False,False,False,False,False
1782462802.097,0,0,0,0,0,-0.56,-10.22,0.0,0.0,0.0,0.0,0.0,0,90,1,2.8,0,False,False,False,False,False,False
1782462802.121,0,0,0,0,0,-0.54,-10.15,0.0,0.0,0.0,0.0,0.0,0,90,1,2.8,0,False,False,False,False,False,False
1782462802.144,0,0,0,0,0,-0.57,-10.08,0.0,0.0,0.0,0.0,0.0,0,90,1,2.8,0,False,False,False,False,False,False
1782462802.168,0,0,0,0,0,-0.62,-10.07,0.0,0.0,0.0,0.0,0.0,0,90,1,2.8,0,False,False,False,False,False,False
1782462802.192,0,0,0,0,0,-0.66,-10.14,0.0,0.0,0.0,0.0,0.0,0,90,1,2.8,0,False,False,False,False,False,False
1782462802.215,0,0,0,0,0,-0.69,-10.2,0.0,0.0,0.0,0.0,0.0,0,90,1,2.8,0,False,False,False,False,False,False
1782462802.239,0,0,0,0,0,-0.75,-10.4,0.0,0.0,0.0,0.0,0.0,0,90,1,2.8,0,False,False,False,False,False,False
1782462802.262,0,0,0,0,0,-0.8,-11.06,0.0,0.0,0.0,0.0,0.0,0,90,1,2.8,0,False,False,False,False,False,False
1782462802.287,0,0,0,0,0,-0.85,-11.72,0.0,0.0,0.0,0.0,0.0,0,90,1,2.8,0,False,False,False,False,False,False
1782462802.31,0,0,0,0,0,-0.92,-11.75,0.0,0.0,0.0,0.0,0.0,0,90,1,2.8,0,False,False,False,False,False,False
1782462802.334,0,0,0,0,0,-0.89,-12.85,0.0,0.0,0.0,0.0,0.0,0,90,1,2.8,0,False,False,False,False,False,False
1782462802.353,0,0,0,0,0,-0.8,-16.79,0.0,0.0,0.0,0.0,0.0,0,90,1,2.8,0,False,False,False,False,False,False
1782462802.377,0,0,0,0,0,-0.75,-22.02,0.0,0.0,0.0,0.0,0.0,0,90,1,2.8,0,False,False,False,False,False,False
1782462802.399,0,0,0,0,0,0.16,-26.73,0.0,0.0,0.0,0.0,0.0,0,90,1,2.79,0,False,False,False,False,False,False
1782462802.423,0,0,0,0,0,2.79,-30.75,0.0,0.0,0.0,0.0,0.0,0,90,1,2.78,0,False,False,False,False,False,False
1782462802.447,0,0,0,0,0,6.14,-34.42,0.0,0.0,0.0,0.0,0.0,0,90,1,2.76,0,False,False,False,False,False,False
1782462802.472,0,0,0,0,0,9.16,-38.26,0.0,0.0,0.0,0.0,0.0,0,90,1,2.74,0,False,False,False,False,False,False
1782462802.495,0,0,0,0,0,11.9,-42.48,0.0,0.0,0.0,0.0,0.0,0,90,1,2.71,0,False,False,False,False,False,False
1782462802.519,0,0,0,0,0,14.33,-47.02,0.0,0.0,0.0,0.0,0.0,0,90,1,2.67,0,False,False,False,False,False,False
